,ID 2,ID 2,ID 2,ID 2,ID 2,ID 2,ID 2,ID 3,ID 3,ID 3,ID 3,ID 3,ID 3,ID 3,ID 4,ID 4,ID 4,ID 4,ID 4,ID 4,ID 4,ID 5,ID 5,ID 5,ID 5,ID 5,ID 5,ID 5,ID 6,ID 6,ID 6,ID 6,ID 6,ID 6,ID 6,ID 7,ID 7,ID 7,ID 7,ID 7,ID 7,ID 7,ID 8,ID 8,ID 8,ID 8,ID 8,ID 8,ID 8,ID 9,ID 9,ID 9,ID 9,ID 9,ID 9,ID 9
,DENMARK,DENMARK,DENMARK,DENMARK,DENMARK,DENMARK,DENMARK,IRELAND,IRELAND,IRELAND,IRELAND,IRELAND,IRELAND,IRELAND,SWITZERLAND,SWITZERLAND,SWITZERLAND,SWITZERLAND,SWITZERLAND,SWITZERLAND,SWITZERLAND,GERMANY,GERMANY,GERMANY,GERMANY,GERMANY,GERMANY,GERMANY,GREECE,GREECE,GREECE,GREECE,GREECE,GREECE,GREECE,POLAND,POLAND,POLAND,POLAND,POLAND,POLAND,POLAND,GREAT BRITAIN & NORTHERN IRELAND,GREAT BRITAIN & NORTHERN IRELAND,GREAT BRITAIN & NORTHERN IRELAND,GREAT BRITAIN & NORTHERN IRELAND,GREAT BRITAIN & NORTHERN IRELAND,GREAT BRITAIN & NORTHERN IRELAND,GREAT BRITAIN & NORTHERN IRELAND,BELGIUM,BELGIUM,BELGIUM,BELGIUM,BELGIUM,BELGIUM,BELGIUM
Time,X,Y,Speed,Accel,Distance,PathDist,ToRail,X,Y,Speed,Accel,Distance,PathDist,ToRail,X,Y,Speed,Accel,Distance,PathDist,ToRail,X,Y,Speed,Accel,Distance,PathDist,ToRail,X,Y,Speed,Accel,Distance,PathDist,ToRail,X,Y,Speed,Accel,Distance,PathDist,ToRail,X,Y,Speed,Accel,Distance,PathDist,ToRail,X,Y,Speed,Accel,Distance,PathDist,ToRail
00:00.000,0,0,0.000,0.000,0.000,0.000,.00,0,0,0.000,0.000,0.000,0.000,.00,0,0,0.000,0.000,0.000,0.000,.00,0,0,0.000,0.000,0.000,0.000,.00,0,0,0.000,0.000,0.000,0.000,.00,0,0,0.000,0.000,0.000,0.000,.00,0,0,0.000,0.000,0.000,0.000,.00,0,0,0.000,0.000,0.000,0.000,.00
00:00.000,0,0,0.000,0.000,0.000,0.000,.00,0,0,0.000,0.000,0.000,0.000,.00,0,0,0.000,0.000,0.000,0.000,.00,0,0,0.000,0.000,0.000,0.000,.00,0,0,0.000,0.000,0.000,0.000,.00,0,0,0.000,0.000,0.000,0.000,.00,0,0,0.000,0.000,0.000,0.000,.00,0,0,0.000,0.000,0.000,0.000,.00
00:00.567,32.091,6.45,0.000,0.000,0.000,0.000,.00,0,0,0.000,0.000,0.000,0.000,.00,45.829,8.267,0.000,0.000,0.000,0.000,.00,52.195,11.445,0.000,0.000,0.000,0.000,.00,59.699,15.827,0.000,0.000,0.000,0.000,.00,64.108,18.915,0.000,0.000,0.000,0.000,.00,68.293,24.412,0.000,0.000,0.000,0.000,.00,71.553,29.394,0.000,0.000,0.000,0.000,.00
00:00.667,32.22,6.551,0.000,0.000,0.000,0.000,18.13,0,0,0.000,0.000,0.000,0.000,.00,45.832,8.285,0.000,0.000,0.000,0.000,26.56,52.357,11.541,0.000,0.000,0.000,0.000,28.81,59.645,15.937,0.000,0.000,0.000,0.000,31.02,64.109,19.068,0.000,0.000,0.000,0.000,31.96,68.319,24.46,0.000,0.000,0.000,0.000,31.03,71.547,29.372,0.000,0.000,0.000,0.000,29.81
00:00.667,32.22,6.551,0.000,0.000,0.000,0.000,18.13,0,0,0.000,0.000,0.000,0.000,.00,45.832,8.285,0.000,0.000,0.000,0.000,26.56,52.357,11.541,0.000,0.000,0.000,0.000,28.81,59.645,15.937,0.000,0.000,0.000,0.000,31.02,64.109,19.068,0.000,0.000,0.000,0.000,31.96,68.319,24.46,0.000,0.000,0.000,0.000,31.03,71.547,29.372,0.000,0.000,0.000,0.000,29.81
00:00.667,32.22,6.551,0.000,0.000,0.000,0.000,18.13,0,0,0.000,0.000,0.000,0.000,.00,45.832,8.285,0.000,0.000,0.000,0.000,26.56,52.357,11.541,0.000,0.000,0.000,0.000,28.81,59.645,15.937,0.000,0.000,0.000,0.000,31.02,64.109,19.068,0.000,0.000,0.000,0.000,31.96,68.319,24.46,0.000,0.000,0.000,0.000,31.03,71.547,29.372,0.000,0.000,0.000,0.000,29.81
00:00.768,32.297,6.52,0.000,0.000,0.000,0.000,18.15,0,0,0.000,0.000,0.000,0.000,.00,45.798,8.235,0.000,0.000,0.000,0.000,26.55,52.474,11.541,0.000,0.000,0.000,0.000,28.86,59.592,16.036,0.000,0.000,0.000,0.000,30.91,64.166,19.17,0.000,0.000,0.000,0.000,31.85,68.321,24.457,0.000,0.000,0.000,0.000,31.01,71.553,29.331,0.000,0.000,0.000,0.000,29.82
00:00.868,32.441,6.633,0.000,0.000,0.000,0.000,18.23,0,0,0.000,0.000,0.000,0.000,.00,45.87,8.286,0.000,0.000,0.000,0.000,26.56,52.605,11.585,0.000,0.000,0.000,0.000,28.94,59.508,16.065,0.000,0.000,0.000,0.000,30.80,64.148,19.264,0.000,0.000,0.000,0.000,31.82,68.352,24.474,0.000,0.000,0.000,0.000,31.02,71.531,29.388,0.000,0.000,0.000,0.000,29.86
00:00.868,32.441,6.633,0.000,0.000,0.000,0.000,18.23,0,0,0.000,0.000,0.000,0.000,.00,45.87,8.286,0.000,0.000,0.000,0.000,26.56,52.605,11.585,0.000,0.000,0.000,0.000,28.94,59.508,16.065,0.000,0.000,0.000,0.000,30.80,64.148,19.264,0.000,0.000,0.000,0.000,31.82,68.352,24.474,0.000,0.000,0.000,0.000,31.02,71.531,29.388,0.000,0.000,0.000,0.000,29.86
00:00.868,32.441,6.633,0.000,0.000,0.000,0.000,18.23,0,0,0.000,0.000,0.000,0.000,.00,45.87,8.286,0.000,0.000,0.000,0.000,26.56,52.605,11.585,0.000,0.000,0.000,0.000,28.94,59.508,16.065,0.000,0.000,0.000,0.000,30.80,64.148,19.264,0.000,0.000,0.000,0.000,31.82,68.352,24.474,0.000,0.000,0.000,0.000,31.02,71.531,29.388,0.000,0.000,0.000,0.000,29.86
00:00.967,32.501,6.651,0.000,0.000,0.000,0.000,18.25,0,0,0.000,0.000,0.000,0.000,.00,46.026,8.317,0.000,0.000,0.000,0.000,26.58,52.628,11.499,0.000,0.000,0.000,0.000,29.01,59.483,16.092,0.000,0.000,0.000,0.000,30.72,64.171,19.396,0.000,0.000,0.000,0.000,31.74,68.354,24.492,0.000,0.000,0.000,0.000,31.03,71.555,29.415,0.000,0.000,0.000,0.000,29.80
00:01.067,32.52,6.601,0.000,0.000,0.000,0.000,18.28,0,0,0.000,0.000,0.000,0.000,.00,46.2,8.358,0.000,0.000,0.000,0.000,26.66,52.623,11.516,0.000,0.000,0.000,0.000,29.08,59.483,16.111,0.000,0.000,0.000,0.000,30.68,64.178,19.46,0.000,0.000,0.000,0.000,31.66,68.35,24.527,0.000,0.000,0.000,0.000,31.02,71.559,29.408,0.000,0.000,0.000,0.000,29.80
00:01.067,32.52,6.601,0.000,0.000,0.000,0.000,18.28,0,0,0.000,0.000,0.000,0.000,.00,46.2,8.358,0.000,0.000,0.000,0.000,26.66,52.623,11.516,0.000,0.000,0.000,0.000,29.08,59.483,16.111,0.000,0.000,0.000,0.000,30.68,64.178,19.46,0.000,0.000,0.000,0.000,31.66,68.35,24.527,0.000,0.000,0.000,0.000,31.02,71.559,29.408,0.000,0.000,0.000,0.000,29.80
00:01.067,32.52,6.601,0.000,0.000,0.000,0.000,18.28,0,0,0.000,0.000,0.000,0.000,.00,46.2,8.358,0.000,0.000,0.000,0.000,26.66,52.623,11.516,0.000,0.000,0.000,0.000,29.08,59.483,16.111,0.000,0.000,0.000,0.000,30.68,64.178,19.46,0.000,0.000,0.000,0.000,31.66,68.35,24.527,0.000,0.000,0.000,0.000,31.02,71.559,29.408,0.000,0.000,0.000,0.000,29.80
00:01.167,32.503,6.635,0.000,0.000,0.000,0.000,18.33,0,0,0.000,0.000,0.000,0.000,.00,46.305,8.356,0.000,0.000,0.000,0.000,26.76,52.665,11.563,0.000,0.000,0.000,0.000,29.07,59.494,16.13,0.000,0.000,0.000,0.000,30.67,64.185,19.513,0.000,0.000,0.000,0.000,31.62,68.345,24.627,0.000,0.000,0.000,0.000,30.99,71.557,29.395,0.000,0.000,0.000,0.000,29.81
00:01.268,32.591,6.751,0.000,0.000,0.000,0.000,18.29,0,0,0.000,0.000,0.000,0.000,.00,46.363,8.334,0.000,0.000,0.000,0.000,26.83,52.683,11.534,0.000,0.000,0.000,0.000,29.06,59.505,16.16,0.000,0.000,0.000,0.000,30.66,64.243,19.585,0.000,0.000,0.000,0.000,31.59,68.321,24.674,0.000,0.000,0.000,0.000,30.91,71.553,29.394,0.000,0.000,0.000,0.000,29.81
00:01.368,32.657,6.77,0.000,0.000,0.000,0.000,18.27,0,0,0.000,0.000,0.000,0.000,.00,46.422,8.368,0.000,0.000,0.000,0.000,26.89,52.728,11.488,0.000,0.000,0.000,0.000,29.10,59.536,16.169,0.000,0.000,0.000,0.000,30.65,64.272,19.631,0.000,0.000,0.000,0.000,31.58,68.299,24.712,0.000,0.000,0.000,0.000,30.86,71.554,29.416,0.000,0.000,0.000,0.000,29.81
00:01.468,32.693,6.774,0.000,0.000,0.000,0.000,18.30,0,0,0.000,0.000,0.000,0.000,.00,46.467,8.423,0.000,0.000,0.000,0.000,26.91,52.765,11.495,0.000,0.000,0.000,0.000,29.16,59.546,16.158,0.000,0.000,0.000,0.000,30.67,64.314,19.667,0.000,0.000,0.000,0.000,31.57,68.269,24.75,0.000,0.000,0.000,0.000,30.82,71.557,29.423,0.000,0.000,0.000,0.000,29.80
00:01.567,32.707,6.757,0.000,0.000,0.000,0.000,18.33,0,0,0.000,0.000,0.000,0.000,.00,46.516,8.444,0.000,0.000,0.000,0.000,26.90,52.78,11.476,0.000,0.000,0.000,0.000,29.18,59.527,16.127,0.000,0.000,0.000,0.000,30.68,64.318,19.709,0.000,0.000,0.000,0.000,31.57,68.255,24.809,0.000,0.000,0.000,0.000,30.77,71.556,29.435,0.000,0.000,0.000,0.000,29.79
00:01.668,32.727,6.71,0.000,0.000,0.000,0.000,18.35,0,0,0.000,0.000,0.000,0.000,.00,46.562,8.441,0.000,0.000,0.000,0.000,26.92,52.789,11.44,0.000,0.000,0.000,0.000,29.21,59.546,16.043,0.000,0.000,0.000,0.000,30.69,64.348,19.729,0.000,0.000,0.000,0.000,31.54,68.248,24.831,0.000,0.000,0.000,0.000,30.72,71.542,29.449,0.000,0.000,0.000,0.000,29.78
00:01.768,32.76,6.758,0.000,0.000,0.000,0.000,18.40,0,0,0.000,0.000,0.000,0.000,.00,46.533,8.427,0.000,0.000,0.000,0.000,26.96,52.777,11.42,0.000,0.000,0.000,0.000,29.24,59.581,16.027,0.000,0.000,0.000,0.000,30.76,64.371,19.775,0.000,0.000,0.000,0.000,31.55,68.206,24.838,0.000,0.000,0.000,0.000,30.70,71.546,29.484,0.000,0.000,0.000,0.000,29.76
00:01.868,32.761,6.728,0.000,0.000,0.000,0.000,18.39,0,0,0.000,0.000,0.000,0.000,.00,46.471,8.408,0.000,0.000,0.000,0.000,26.95,52.773,11.393,0.000,0.000,0.000,0.000,29.24,59.643,16.013,0.000,0.000,0.000,0.000,30.80,64.431,19.826,0.000,0.000,0.000,0.000,31.53,68.177,24.751,0.000,0.000,0.000,0.000,30.67,71.552,29.47,0.000,0.000,0.000,0.000,29.74
00:01.968,32.717,6.709,0.000,0.000,0.000,0.000,18.41,0,0,0.000,0.000,0.000,0.000,.00,46.302,8.309,0.000,0.000,0.000,0.000,26.91,52.775,11.404,0.000,0.000,0.000,0.000,29.26,59.645,15.997,0.000,0.000,0.000,0.000,30.85,64.481,19.855,0.000,0.000,0.000,0.000,31.54,68.121,24.671,0.000,0.000,0.000,0.000,30.71,71.542,29.465,0.000,0.000,0.000,0.000,29.76
00:02.067,32.724,6.707,0.000,0.000,0.000,0.000,18.39,0,0,0.000,0.000,0.000,0.000,.00,46.105,8.233,0.000,0.000,0.000,0.000,26.87,52.84,11.425,0.000,0.000,0.000,0.000,29.25,59.673,15.926,0.000,0.000,0.000,0.000,30.86,64.511,19.853,0.000,0.000,0.000,0.000,31.56,68.087,24.595,0.000,0.000,0.000,0.000,30.72,71.53,29.471,0.000,0.000,0.000,0.000,29.75
00:02.168,32.817,6.658,0.000,0.000,0.000,0.000,18.40,0,0,0.000,0.000,0.000,0.000,.00,45.974,8.199,0.000,0.000,0.000,0.000,26.78,52.907,11.444,0.000,0.000,0.000,0.000,29.28,59.671,15.838,0.000,0.000,0.000,0.000,30.93,64.505,19.843,0.000,0.000,0.000,0.000,31.58,68.046,24.461,0.000,0.000,0.000,0.000,30.75,71.518,29.485,0.000,0.000,0.000,0.000,29.74
00:02.268,32.829,6.585,0.000,0.000,0.000,0.000,18.50,0,0,0.000,0.000,0.000,0.000,.00,45.857,8.162,0.000,0.000,0.000,0.000,26.71,52.983,11.447,0.000,0.000,0.000,0.000,29.32,59.675,15.76,0.000,0.000,0.000,0.000,30.99,64.46,19.808,0.000,0.000,0.000,0.000,31.58,68.054,24.377,0.000,0.000,0.000,0.000,30.82,71.519,29.465,0.000,0.000,0.000,0.000,29.72
00:02.368,32.812,6.559,0.000,0.000,0.000,0.000,18.56,0,0,0.000,0.000,0.000,0.000,.00,45.742,8.11,0.000,0.000,0.000,0.000,26.65,53.053,11.514,0.000,0.000,0.000,0.000,29.37,59.587,15.756,0.000,0.000,0.000,0.000,31.05,64.395,19.776,0.000,0.000,0.000,0.000,31.57,68.051,24.297,0.000,0.000,0.000,0.000,30.88,71.519,29.464,0.000,0.000,0.000,0.000,29.74
00:02.467,32.828,6.538,0.000,0.000,0.000,0.000,18.56,0,0,0.000,0.000,0.000,0.000,.00,45.772,8.069,0.000,0.000,0.000,0.000,26.61,53.104,11.505,0.000,0.000,0.000,0.000,29.37,59.565,15.749,0.000,0.000,0.000,0.000,30.99,64.334,19.75,0.000,0.000,0.000,0.000,31.55,68.083,24.226,0.000,0.000,0.000,0.000,30.94,71.529,29.486,0.000,0.000,0.000,0.000,29.74
00:02.568,32.795,6.468,0.000,0.000,0.000,0.000,18.59,0,0,0.000,0.000,0.000,0.000,.00,45.903,8.09,0.000,0.000,0.000,0.000,26.66,53.145,11.553,0.000,0.000,0.000,0.000,29.41,59.579,15.808,0.000,0.000,0.000,0.000,30.98,64.32,19.762,0.000,0.000,0.000,0.000,31.53,68.073,24.145,0.000,0.000,0.000,0.000,31.01,71.527,29.499,0.000,0.000,0.000,0.000,29.73
00:02.667,32.709,6.439,0.000,0.000,0.000,0.000,18.62,0,0,0.000,0.000,0.000,0.000,.00,45.927,8.048,0.000,0.000,0.000,0.000,26.74,53.19,11.618,0.000,0.000,0.000,0.000,29.41,59.563,15.921,0.000,0.000,0.000,0.000,30.95,64.293,19.746,0.000,0.000,0.000,0.000,31.51,68.041,24.116,0.000,0.000,0.000,0.000,31.06,71.546,29.485,0.000,0.000,0.000,0.000,29.72
00:02.767,32.693,6.433,0.000,0.000,0.000,0.000,18.58,0,0,0.000,0.000,0.000,0.000,.00,45.97,8.017,0.000,0.000,0.000,0.000,26.78,53.226,11.692,0.000,0.000,0.000,0.000,29.40,59.253,15.657,0.000,0.000,0.000,0.000,30.86,64.305,19.724,0.000,0.000,0.000,0.000,31.50,68.038,24.117,0.000,0.000,0.000,0.000,31.06,71.543,29.45,0.000,0.000,0.000,0.000,29.74
00:02.868,32.695,6.417,0.000,0.000,0.000,0.000,18.57,0,0,0.000,0.000,0.000,0.000,.00,45.925,7.882,0.000,0.000,0.000,0.000,26.84,53.264,11.751,0.000,0.000,0.000,0.000,29.37,59.071,15.631,0.000,0.000,0.000,0.000,30.83,64.298,19.669,0.000,0.000,0.000,0.000,31.52,68.036,24.198,0.000,0.000,0.000,0.000,31.06,71.546,29.432,0.000,0.000,0.000,0.000,29.76
00:02.968,32.711,6.406,0.000,0.000,0.000,0.000,18.58,0,0,0.000,0.000,0.000,0.000,.00,45.906,7.838,0.000,0.000,0.000,0.000,26.90,53.323,11.831,0.000,0.000,0.000,0.000,29.35,59.042,15.489,0.000,0.000,0.000,0.000,30.72,64.308,19.652,0.000,0.000,0.000,0.000,31.56,68.065,24.267,0.000,0.000,0.000,0.000,31.00,71.553,29.416,0.000,0.000,0.000,0.000,29.78
00:03.068,32.699,6.431,0.000,0.000,0.000,0.000,18.60,0,0,0.000,0.000,0.000,0.000,.00,45.824,7.833,0.000,0.000,0.000,0.000,26.92,53.359,11.869,0.000,0.000,0.000,0.000,29.34,59.417,15.785,0.000,0.000,0.000,0.000,30.80,64.324,19.642,0.000,0.000,0.000,0.000,31.58,68.109,24.383,0.000,0.000,0.000,0.000,30.97,71.556,29.385,0.000,0.000,0.000,0.000,29.80
00:03.168,32.669,6.489,0.000,0.000,0.000,0.000,18.57,0,0,0.000,0.000,0.000,0.000,.00,45.706,7.778,0.000,0.000,0.000,0.000,26.86,53.375,11.867,0.000,0.000,0.000,0.000,29.34,59.513,15.873,0.000,0.000,0.000,0.000,30.85,64.361,19.681,0.000,0.000,0.000,0.000,31.59,68.176,24.502,0.000,0.000,0.000,0.000,30.92,71.561,29.342,0.000,0.000,0.000,0.000,29.82
00:03.267,32.671,6.512,0.000,0.000,0.000,0.000,18.51,0,0,0.000,0.000,0.000,0.000,.00,45.497,7.71,0.000,0.000,0.000,0.000,26.82,53.404,11.882,0.000,0.000,0.000,0.000,29.35,59.596,16.002,0.000,0.000,0.000,0.000,30.86,64.413,19.774,0.000,0.000,0.000,0.000,31.59,68.201,24.629,0.000,0.000,0.000,0.000,30.88,71.549,29.331,0.000,0.000,0.000,0.000,29.85
00:03.368,32.698,6.539,0.000,0.000,0.000,0.000,18.50,0,0,0.000,0.000,0.000,0.000,.00,45.379,7.686,0.000,0.000,0.000,0.000,26.72,53.418,11.89,0.000,0.000,0.000,0.000,29.36,59.682,16.037,0.000,0.000,0.000,0.000,30.83,64.504,19.906,0.000,0.000,0.000,0.000,31.56,68.226,24.738,0.000,0.000,0.000,0.000,30.81,71.537,29.319,0.000,0.000,0.000,0.000,29.85
00:03.468,32.691,6.58,0.000,0.000,0.000,0.000,18.50,0,0,0.000,0.000,0.000,0.000,.00,45.075,7.57,0.000,0.000,0.000,0.000,26.65,53.403,11.869,0.000,0.000,0.000,0.000,29.36,59.76,16.105,0.000,0.000,0.000,0.000,30.86,64.541,20.015,0.000,0.000,0.000,0.000,31.54,68.219,24.805,0.000,0.000,0.000,0.000,30.75,71.559,29.333,0.000,0.000,0.000,0.000,29.85
00:03.567,32.692,6.617,0.000,0.000,0.000,0.000,18.46,0,0,0.000,0.000,0.000,0.000,.00,44.607,7.261,0.000,0.000,0.000,0.000,26.52,53.429,11.909,0.000,0.000,0.000,0.000,29.37,59.793,16.103,0.000,0.000,0.000,0.000,30.87,64.546,20.084,0.000,0.000,0.000,0.000,31.48,68.217,24.829,0.000,0.000,0.000,0.000,30.70,71.552,29.301,0.000,0.000,0.000,0.000,29.86
00:03.668,32.726,6.689,0.000,0.000,0.000,0.000,18.44,0,0,0.000,0.000,0.000,0.000,.00,44.225,7.057,0.000,0.000,0.000,0.000,26.41,53.463,11.963,0.000,0.000,0.000,0.000,29.36,59.776,16.095,0.000,0.000,0.000,0.000,30.89,64.546,20.148,0.000,0.000,0.000,0.000,31.44,68.245,24.841,0.000,0.000,0.000,0.000,30.68,71.549,29.301,0.000,0.000,0.000,0.000,29.88
00:03.768,32.724,6.707,0.000,0.000,0.000,0.000,18.41,0,0,0.000,0.000,0.000,0.000,.00,44.111,6.882,0.000,0.000,0.000,0.000,26.28,53.497,11.975,0.000,0.000,0.000,0.000,29.34,59.866,16.133,0.000,0.000,0.000,0.000,30.89,64.519,20.17,0.000,0.000,0.000,0.000,31.39,68.259,24.795,0.000,0.000,0.000,0.000,30.69,71.545,29.306,0.000,0.000,0.000,0.000,29.87
00:03.868,32.661,6.756,0.000,0.000,0.000,0.000,18.40,0,0,0.000,0.000,0.000,0.000,.00,43.635,7.004,0.000,0.000,0.000,0.000,26.32,53.526,11.993,0.000,0.000,0.000,0.000,29.36,59.875,16.168,0.000,0.000,0.000,0.000,30.92,64.492,20.206,0.000,0.000,0.000,0.000,31.36,68.271,24.759,0.000,0.000,0.000,0.000,30.73,71.541,29.332,0.000,0.000,0.000,0.000,29.87
00:03.968,32.6,6.782,0.000,0.000,0.000,0.000,18.32,0,0,0.000,0.000,0.000,0.000,.00,43.233,7.081,0.000,0.000,0.000,0.000,25.90,53.549,12.018,0.000,0.000,0.000,0.000,29.37,59.873,16.139,0.000,0.000,0.000,0.000,30.91,64.44,20.21,0.000,0.000,0.000,0.000,31.31,68.3,24.748,0.000,0.000,0.000,0.000,30.77,71.52,29.347,0.000,0.000,0.000,0.000,29.85
00:04.068,32.586,6.766,0.000,0.000,0.000,0.000,18.26,0,0,0.000,0.000,0.000,0.000,.00,43.105,6.684,0.000,0.000,0.000,0.000,25.56,53.517,12.04,0.000,0.000,0.000,0.000,29.37,59.826,16.1,0.000,0.000,0.000,0.000,30.92,64.406,20.258,0.000,0.000,0.000,0.000,31.28,68.33,24.683,0.000,0.000,0.000,0.000,30.80,71.53,29.394,0.000,0.000,0.000,0.000,29.82
00:04.168,32.53,6.719,0.000,0.000,0.000,0.000,18.26,0,0,0.000,0.000,0.000,0.000,.00,43.422,6.472,0.000,0.000,0.000,0.000,25.75,53.51,12.095,0.000,0.000,0.000,0.000,29.33,59.793,16.097,0.000,0.000,0.000,0.000,30.92,64.383,20.278,0.000,0.000,0.000,0.000,31.22,68.335,24.619,0.000,0.000,0.000,0.000,30.86,71.533,29.452,0.000,0.000,0.000,0.000,29.79
00:04.267,32.455,6.694,0.000,0.000,0.000,0.000,18.25,0,0,0.000,0.000,0.000,0.000,.00,45.307,7.549,0.000,0.000,0.000,0.000,26.13,53.483,12.164,0.000,0.000,0.000,0.000,29.28,59.713,16.064,0.000,0.000,0.000,0.000,30.90,64.362,20.261,0.000,0.000,0.000,0.000,31.19,68.375,24.496,0.000,0.000,0.000,0.000,30.91,71.536,29.493,0.000,0.000,0.000,0.000,29.76
00:04.368,32.374,6.634,0.000,0.000,0.000,0.000,18.22,0,0,0.000,0.000,0.000,0.000,.00,45.638,7.208,0.000,0.000,0.000,0.000,26.70,53.485,12.243,0.000,0.000,0.000,0.000,29.22,59.678,16.087,0.000,0.000,0.000,0.000,30.86,64.349,20.255,0.000,0.000,0.000,0.000,31.18,68.429,24.381,0.000,0.000,0.000,0.000,31.03,71.549,29.53,0.000,0.000,0.000,0.000,29.73
00:04.468,32.308,6.568,0.000,0.000,0.000,0.000,18.20,0,0,0.000,0.000,0.000,0.000,.00,45.897,7.378,0.000,0.000,0.000,0.000,27.17,53.534,12.33,0.000,0.000,0.000,0.000,29.16,59.664,16.083,0.000,0.000,0.000,0.000,30.82,64.411,20.298,0.000,0.000,0.000,0.000,31.18,68.467,24.294,0.000,0.000,0.000,0.000,31.15,71.523,29.513,0.000,0.000,0.000,0.000,29.71
00:04.568,32.261,6.532,0.000,0.000,0.000,0.000,18.20,0,0,0.000,0.000,0.000,0.000,.00,46.09,7.444,0.000,0.000,0.000,0.000,27.24,53.559,12.374,0.000,0.000,0.000,0.000,29.14,59.627,16.086,0.000,0.000,0.000,0.000,30.82,64.487,20.356,0.000,0.000,0.000,0.000,31.19,68.502,24.283,0.000,0.000,0.000,0.000,31.24,71.528,29.546,0.000,0.000,0.000,0.000,29.71
00:04.668,32.218,6.467,0.000,0.000,0.000,0.000,18.19,0,0,0.000,0.000,0.000,0.000,.00,46.146,7.556,0.000,0.000,0.000,0.000,27.33,53.569,12.355,0.000,0.000,0.000,0.000,29.12,59.633,16.072,0.000,0.000,0.000,0.000,30.79,64.585,20.43,0.000,0.000,0.000,0.000,31.21,68.534,24.254,0.000,0.000,0.000,0.000,31.27,71.53,29.572,0.000,0.000,0.000,0.000,29.69
00:04.767,32.156,6.459,0.000,0.000,0.000,0.000,18.21,0,0,0.000,0.000,0.000,0.000,.00,45.997,7.52,0.000,0.000,0.000,0.000,27.29,53.593,12.273,0.000,0.000,0.000,0.000,29.14,59.625,16.051,0.000,0.000,0.000,0.000,30.80,64.682,20.523,0.000,0.000,0.000,0.000,31.22,68.573,24.264,0.000,0.000,0.000,0.000,31.31,71.539,29.606,0.000,0.000,0.000,0.000,29.67
00:04.868,32.125,6.452,0.000,0.000,0.000,0.000,18.17,0,0,0.000,0.000,0.000,0.000,.00,46.036,7.885,0.000,0.000,0.000,0.000,27.21,53.609,12.242,0.000,0.000,0.000,0.000,29.22,59.625,16.05,0.000,0.000,0.000,0.000,30.81,64.759,20.604,0.000,0.000,0.000,0.000,31.23,68.575,24.264,0.000,0.000,0.000,0.000,31.33,71.544,29.598,0.000,0.000,0.000,0.000,29.65
00:04.968,32.125,6.479,0.000,0.000,0.000,0.000,18.15,0,0,0.000,0.000,0.000,0.000,.00,45.996,7.99,0.000,0.000,0.000,0.000,26.98,53.607,12.165,0.000,0.000,0.000,0.000,29.25,59.627,16.053,0.000,0.000,0.000,0.000,30.81,64.832,20.692,0.000,0.000,0.000,0.000,31.22,68.557,24.242,0.000,0.000,0.000,0.000,31.33,71.56,29.601,0.000,0.000,0.000,0.000,29.66
00:05.068,32.065,6.528,0.000,0.000,0.000,0.000,18.13,0,0,0.000,0.000,0.000,0.000,.00,46.036,8.105,0.000,0.000,0.000,0.000,26.87,53.66,12.111,0.000,0.000,0.000,0.000,29.30,59.639,16.077,0.000,0.000,0.000,0.000,30.81,64.869,20.727,0.000,0.000,0.000,0.000,31.21,68.512,24.209,0.000,0.000,0.000,0.000,31.34,71.556,29.576,0.000,0.000,0.000,0.000,29.67
00:05.167,32.029,6.608,0.000,0.000,0.000,0.000,18.06,0,0,0.000,0.000,0.000,0.000,.00,46.147,8.204,0.000,0.000,0.000,0.000,26.82,53.737,12.074,0.000,0.000,0.000,0.000,29.38,59.646,16.039,0.000,0.000,0.000,0.000,30.80,64.898,20.766,0.000,0.000,0.000,0.000,31.21,68.468,24.173,0.000,0.000,0.000,0.000,31.33,71.548,29.54,0.000,0.000,0.000,0.000,29.68
00:05.269,32.045,6.759,0.000,0.000,0.000,0.000,17.98,0,0,0.000,0.000,0.000,0.000,.00,46.108,8.102,0.000,0.000,0.000,0.000,26.83,53.816,12.077,0.000,0.000,0.000,0.000,29.46,59.645,16.031,0.000,0.000,0.000,0.000,30.83,64.926,20.807,0.000,0.000,0.000,0.000,31.21,68.382,24.181,0.000,0.000,0.000,0.000,31.32,71.55,29.508,0.000,0.000,0.000,0.000,29.70
00:05.368,32.022,6.858,0.000,0.000,0.000,0.000,17.88,0,0,0.000,0.000,0.000,0.000,.00,46.077,8.109,0.000,0.000,0.000,0.000,26.87,53.854,12.006,0.000,0.000,0.000,0.000,29.51,59.645,16.004,0.000,0.000,0.000,0.000,30.84,64.961,20.838,0.000,0.000,0.000,0.000,31.20,68.316,24.192,0.000,0.000,0.000,0.000,31.25,71.54,29.484,0.000,0.000,0.000,0.000,29.73
00:05.467,31.976,6.95,0.000,0.000,0.000,0.000,17.79,0,0,0.000,0.000,0.000,0.000,.00,46.019,8.156,0.000,0.000,0.000,0.000,26.85,53.876,11.957,0.000,0.000,0.000,0.000,29.59,59.648,16.039,0.000,0.000,0.000,0.000,30.86,64.982,20.812,0.000,0.000,0.000,0.000,31.20,68.273,24.202,0.000,0.000,0.000,0.000,31.20,71.545,29.466,0.000,0.000,0.000,0.000,29.74
00:05.568,31.954,7.059,0.000,0.000,0.000,0.000,17.70,0,0,0.000,0.000,0.000,0.000,.00,45.921,8.259,0.000,0.000,0.000,0.000,26.77,53.886,11.903,0.000,0.000,0.000,0.000,29.64,59.637,16.014,0.000,0.000,0.000,0.000,30.84,65.045,20.752,0.000,0.000,0.000,0.000,31.23,68.245,24.188,0.000,0.000,0.000,0.000,31.16,71.529,29.443,0.000,0.000,0.000,0.000,29.75
00:05.667,31.932,7.151,0.000,0.000,0.000,0.000,17.60,0,0,0.000,0.000,0.000,0.000,.00,45.879,8.264,0.000,0.000,0.000,0.000,26.63,53.872,11.889,0.000,0.000,0.000,0.000,29.69,59.632,16.056,0.000,0.000,0.000,0.000,30.85,65.098,20.642,0.000,0.000,0.000,0.000,31.32,68.201,24.165,0.000,0.000,0.000,0.000,31.15,71.544,29.4,0.000,0.000,0.000,0.000,29.76
00:05.768,31.895,7.167,0.000,0.000,0.000,0.000,17.52,0,0,0.000,0.000,0.000,0.000,.00,45.889,8.172,0.000,0.000,0.000,0.000,26.60,53.848,11.954,0.000,0.000,0.000,0.000,29.69,59.594,16.078,0.000,0.000,0.000,0.000,30.81,65.092,20.64,0.000,0.000,0.000,0.000,31.44,68.184,24.129,0.000,0.000,0.000,0.000,31.14,71.559,29.346,0.000,0.000,0.000,0.000,29.80
00:05.868,31.888,7.18,0.000,0.000,0.000,0.000,17.49,0,0,0.000,0.000,0.000,0.000,.00,45.871,8.081,0.000,0.000,0.000,0.000,26.67,53.827,11.965,0.000,0.000,0.000,0.000,29.62,59.559,16.091,0.000,0.000,0.000,0.000,30.77,65.056,20.651,0.000,0.000,0.000,0.000,31.43,68.195,24.089,0.000,0.000,0.000,0.000,31.15,71.596,29.325,0.000,0.000,0.000,0.000,29.85
00:05.968,31.883,7.171,0.000,0.000,0.000,0.000,17.47,0,0,0.000,0.000,0.000,0.000,.00,45.852,8.012,0.000,0.000,0.000,0.000,26.72,53.832,12.012,0.000,0.000,0.000,0.000,29.60,59.532,16.069,0.000,0.000,0.000,0.000,30.74,65.076,20.653,0.000,0.000,0.000,0.000,31.40,68.224,24.055,0.000,0.000,0.000,0.000,31.19,71.628,29.306,0.000,0.000,0.000,0.000,29.89
00:06.068,31.878,7.157,0.000,0.000,0.000,0.000,17.47,0,0,0.000,0.000,0.000,0.000,.00,45.808,7.942,0.000,0.000,0.000,0.000,26.76,53.82,12.048,0.000,0.000,0.000,0.000,29.57,59.494,16.038,0.000,0.000,0.000,0.000,30.73,65.102,20.708,0.000,0.000,0.000,0.000,31.41,68.247,24.029,0.000,0.000,0.000,0.000,31.23,71.668,29.317,0.000,0.000,0.000,0.000,29.93
00:06.167,31.877,7.1,0.000,0.000,0.000,0.000,17.48,0,0,0.000,0.000,0.000,0.000,.00,45.681,7.892,0.000,0.000,0.000,0.000,26.78,53.782,12.077,0.000,0.000,0.000,0.000,29.54,59.454,16.034,0.000,0.000,0.000,0.000,30.73,65.072,20.799,0.000,0.000,0.000,0.000,31.39,68.286,24.017,0.000,0.000,0.000,0.000,31.27,71.69,29.293,0.000,0.000,0.000,0.000,29.95
00:06.268,31.866,6.968,0.000,0.000,0.000,0.000,17.52,0,0,0.000,0.000,0.000,0.000,.00,45.63,7.984,0.000,0.000,0.000,0.000,26.72,53.754,12.051,0.000,0.000,0.000,0.000,29.49,59.457,16.035,0.000,0.000,0.000,0.000,30.70,65.062,20.857,0.000,0.000,0.000,0.000,31.31,68.337,24.008,0.000,0.000,0.000,0.000,31.30,71.708,29.286,0.000,0.000,0.000,0.000,29.98
00:06.367,31.918,6.926,0.000,0.000,0.000,0.000,17.61,0,0,0.000,0.000,0.000,0.000,.00,45.625,8.004,0.000,0.000,0.000,0.000,26.62,53.748,12.073,0.000,0.000,0.000,0.000,29.49,59.468,16.04,0.000,0.000,0.000,0.000,30.70,65.017,20.909,0.000,0.000,0.000,0.000,31.26,68.371,23.984,0.000,0.000,0.000,0.000,31.35,71.733,29.254,0.000,0.000,0.000,0.000,30.00
00:06.467,32.01,6.942,0.000,0.000,0.000,0.000,17.67,0,0,0.000,0.000,0.000,0.000,.00,45.639,8.024,0.000,0.000,0.000,0.000,26.60,53.721,12.111,0.000,0.000,0.000,0.000,29.47,59.462,16.057,0.000,0.000,0.000,0.000,30.71,64.938,20.956,0.000,0.000,0.000,0.000,31.19,68.396,23.969,0.000,0.000,0.000,0.000,31.39,71.772,29.298,0.000,0.000,0.000,0.000,30.04
00:06.568,32.116,6.885,0.000,0.000,0.000,0.000,17.73,0,0,0.000,0.000,0.000,0.000,.00,45.685,8.076,0.000,0.000,0.000,0.000,26.60,53.693,12.144,0.000,0.000,0.000,0.000,29.42,59.488,16.113,0.000,0.000,0.000,0.000,30.69,64.835,20.978,0.000,0.000,0.000,0.000,31.10,68.425,23.944,0.000,0.000,0.000,0.000,31.41,71.809,29.293,0.000,0.000,0.000,0.000,30.03
00:06.667,32.231,6.842,0.000,0.000,0.000,0.000,17.84,0,0,0.000,0.000,0.000,0.000,.00,45.744,8.137,0.000,0.000,0.000,0.000,26.59,53.664,12.197,0.000,0.000,0.000,0.000,29.38,59.479,16.079,0.000,0.000,0.000,0.000,30.67,64.754,20.991,0.000,0.000,0.000,0.000,31.01,68.455,23.933,0.000,0.000,0.000,0.000,31.45,71.778,29.344,0.000,0.000,0.000,0.000,30.06
00:06.768,32.344,6.861,0.000,0.000,0.000,0.000,17.95,0,0,0.000,0.000,0.000,0.000,.00,45.772,8.133,0.000,0.000,0.000,0.000,26.59,53.649,12.236,0.000,0.000,0.000,0.000,29.32,59.478,16.064,0.000,0.000,0.000,0.000,30.69,64.662,20.961,0.000,0.000,0.000,0.000,30.95,68.457,23.929,0.000,0.000,0.000,0.000,31.48,71.744,29.387,0.000,0.000,0.000,0.000,30.01
00:06.868,32.44,6.843,0.000,0.000,0.000,0.000,18.02,0,0,0.000,0.000,0.000,0.000,.00,45.785,8.21,0.000,0.000,0.000,0.000,26.61,53.619,12.277,0.000,0.000,0.000,0.000,29.28,59.464,16.027,0.000,0.000,0.000,0.000,30.70,64.616,20.927,0.000,0.000,0.000,0.000,30.90,68.428,23.926,0.000,0.000,0.000,0.000,31.49,71.688,29.422,0.000,0.000,0.000,0.000,29.95
00:06.968,32.517,6.814,0.000,0.000,0.000,0.000,18.10,0,0,0.000,0.000,0.000,0.000,.00,45.734,8.214,0.000,0.000,0.000,0.000,26.57,53.576,12.327,0.000,0.000,0.000,0.000,29.23,59.457,16.026,0.000,0.000,0.000,0.000,30.71,64.52,20.902,0.000,0.000,0.000,0.000,30.89,68.37,23.92,0.000,0.000,0.000,0.000,31.47,71.626,29.423,0.000,0.000,0.000,0.000,29.89
00:07.067,32.603,6.81,0.000,0.000,0.000,0.000,18.17,0,0,0.000,0.000,0.000,0.000,.00,45.693,8.207,0.000,0.000,0.000,0.000,26.53,53.539,12.341,0.000,0.000,0.000,0.000,29.17,59.457,16.034,0.000,0.000,0.000,0.000,30.71,64.429,20.859,0.000,0.000,0.000,0.000,30.84,68.297,23.923,0.000,0.000,0.000,0.000,31.43,71.557,29.444,0.000,0.000,0.000,0.000,29.84
00:07.167,32.67,6.845,0.000,0.000,0.000,0.000,18.24,0,0,0.000,0.000,0.000,0.000,.00,45.687,8.175,0.000,0.000,0.000,0.000,26.51,53.523,12.329,0.000,0.000,0.000,0.000,29.13,59.487,16.045,0.000,0.000,0.000,0.000,30.70,64.37,20.768,0.000,0.000,0.000,0.000,30.81,68.203,23.954,0.000,0.000,0.000,0.000,31.38,71.52,29.489,0.000,0.000,0.000,0.000,29.78
00:07.269,32.724,6.894,0.000,0.000,0.000,0.000,18.26,0,0,0.000,0.000,0.000,0.000,.00,45.702,8.033,0.000,0.000,0.000,0.000,26.52,53.503,12.325,0.000,0.000,0.000,0.000,29.13,59.482,16.064,0.000,0.000,0.000,0.000,30.72,64.334,20.719,0.000,0.000,0.000,0.000,30.83,68.11,23.977,0.000,0.000,0.000,0.000,31.29,71.504,29.512,0.000,0.000,0.000,0.000,29.72
00:07.367,32.72,6.923,0.000,0.000,0.000,0.000,18.26,0,0,0.000,0.000,0.000,0.000,.00,45.661,8.012,0.000,0.000,0.000,0.000,26.64,53.497,12.329,0.000,0.000,0.000,0.000,29.12,59.47,16.096,0.000,0.000,0.000,0.000,30.70,64.3,20.63,0.000,0.000,0.000,0.000,30.84,68.036,24.004,0.000,0.000,0.000,0.000,31.21,71.497,29.558,0.000,0.000,0.000,0.000,29.69
00:07.468,32.711,6.885,0.000,0.000,0.000,0.000,18.24,0,0,0.000,0.000,0.000,0.000,.00,45.72,8.01,0.000,0.000,0.000,0.000,26.62,53.511,12.282,0.000,0.000,0.000,0.000,29.11,59.498,16.102,0.000,0.000,0.000,0.000,30.67,64.275,20.524,0.000,0.000,0.000,0.000,30.88,67.976,24.003,0.000,0.000,0.000,0.000,31.14,71.456,29.537,0.000,0.000,0.000,0.000,29.66
00:07.568,32.68,6.893,0.000,0.000,0.000,0.000,18.26,0,0,0.000,0.000,0.000,0.000,.00,45.724,7.961,0.000,0.000,0.000,0.000,26.67,53.541,12.264,0.000,0.000,0.000,0.000,29.15,59.505,16.082,0.000,0.000,0.000,0.000,30.69,64.236,20.402,0.000,0.000,0.000,0.000,30.94,67.941,24.052,0.000,0.000,0.000,0.000,31.09,71.458,29.547,0.000,0.000,0.000,0.000,29.64
00:07.668,32.659,6.912,0.000,0.000,0.000,0.000,18.23,0,0,0.000,0.000,0.000,0.000,.00,45.754,7.956,0.000,0.000,0.000,0.000,26.70,53.583,12.209,0.000,0.000,0.000,0.000,29.19,59.491,16.121,0.000,0.000,0.000,0.000,30.70,64.163,20.303,0.000,0.000,0.000,0.000,31.00,67.915,24.108,0.000,0.000,0.000,0.000,31.03,71.475,29.524,0.000,0.000,0.000,0.000,29.64
00:07.768,32.676,6.92,0.000,0.000,0.000,0.000,18.21,0,0,0.000,0.000,0.000,0.000,.00,45.771,8.009,0.000,0.000,0.000,0.000,26.73,53.601,12.201,0.000,0.000,0.000,0.000,29.26,59.488,16.144,0.000,0.000,0.000,0.000,30.67,64.083,20.196,0.000,0.000,0.000,0.000,31.01,67.914,24.181,0.000,0.000,0.000,0.000,30.98,71.481,29.51,0.000,0.000,0.000,0.000,29.66
00:07.868,32.669,6.901,0.000,0.000,0.000,0.000,18.21,0,0,0.000,0.000,0.000,0.000,.00,45.809,8.004,0.000,0.000,0.000,0.000,26.70,53.638,12.109,0.000,0.000,0.000,0.000,29.27,59.507,16.15,0.000,0.000,0.000,0.000,30.65,64.075,20.106,0.000,0.000,0.000,0.000,31.03,67.926,24.268,0.000,0.000,0.000,0.000,30.92,71.483,29.508,0.000,0.000,0.000,0.000,29.68
00:07.968,32.639,6.915,0.000,0.000,0.000,0.000,18.22,0,0,0.000,0.000,0.000,0.000,.00,45.927,8.007,0.000,0.000,0.000,0.000,26.73,53.686,12.077,0.000,0.000,0.000,0.000,29.37,59.554,16.128,0.000,0.000,0.000,0.000,30.66,64.109,19.995,0.000,0.000,0.000,0.000,31.09,67.973,24.346,0.000,0.000,0.000,0.000,30.87,71.514,29.531,0.000,0.000,0.000,0.000,29.68
00:08.067,32.605,6.9,0.000,0.000,0.000,0.000,18.19,0,0,0.000,0.000,0.000,0.000,.00,38.51,15.728,0.000,0.000,0.000,0.000,26.81,53.714,12.068,0.000,0.000,0.000,0.000,29.42,59.596,16.08,0.000,0.000,0.000,0.000,30.71,64.118,19.855,0.000,0.000,0.000,0.000,31.19,68.033,24.403,0.000,0.000,0.000,0.000,30.85,71.537,29.494,0.000,0.000,0.000,0.000,29.69
00:08.168,32.557,6.885,0.000,0.000,0.000,0.000,18.18,0,0,0.000,0.000,0.000,0.000,.00,35.787,18.597,0.000,0.000,0.000,0.000,16.11,53.734,12.084,0.000,0.000,0.000,0.000,29.45,59.599,15.996,0.000,0.000,0.000,0.000,30.77,64.132,19.768,0.000,0.000,0.000,0.000,31.30,68.11,24.418,0.000,0.000,0.000,0.000,30.85,71.548,29.468,0.000,0.000,0.000,0.000,29.73
00:08.268,32.523,6.83,0.000,0.000,0.000,0.000,18.15,0,0,0.000,0.000,0.000,0.000,.00,33.673,20.742,0.000,0.000,0.000,0.000,12.16,53.774,12.054,0.000,0.000,0.000,0.000,29.45,59.568,15.885,0.000,0.000,0.000,0.000,30.83,64.083,19.634,0.000,0.000,0.000,0.000,31.37,68.2,24.428,0.000,0.000,0.000,0.000,30.89,71.548,29.458,0.000,0.000,0.000,0.000,29.76
00:08.367,32.544,6.804,0.000,0.000,0.000,0.000,18.17,0,0,0.000,0.000,0.000,0.000,.00,32.425,22.023,0.000,0.000,0.000,0.000,9.14,53.791,12.026,0.000,0.000,0.000,0.000,29.50,59.534,15.783,0.000,0.000,0.000,0.000,30.89,64.02,19.574,0.000,0.000,0.000,0.000,31.43,68.279,24.444,0.000,0.000,0.000,0.000,30.95,71.538,29.419,0.000,0.000,0.000,0.000,29.76
00:08.468,32.567,6.785,0.000,0.000,0.000,0.000,18.20,0,0,0.000,0.000,0.000,0.000,.00,20.692,33.837,0.000,0.000,0.000,0.000,7.36,53.777,11.964,0.000,0.000,0.000,0.000,29.53,59.418,15.672,0.000,0.000,0.000,0.000,30.94,63.976,19.537,0.000,0.000,0.000,0.000,31.43,68.338,24.491,0.000,0.000,0.000,0.000,31.00,71.533,29.382,0.000,0.000,0.000,0.000,29.78
00:08.568,32.576,6.771,0.000,0.000,0.000,0.000,18.23,0,0,0.000,0.000,0.000,0.000,.00,8.95,45.96,0.000,0.000,0.000,0.000,9.29,53.742,11.913,0.000,0.000,0.000,0.000,29.57,59.325,15.587,0.000,0.000,0.000,0.000,30.93,63.92,19.563,0.000,0.000,0.000,0.000,31.42,68.374,24.506,0.000,0.000,0.000,0.000,31.00,71.518,29.364,0.000,0.000,0.000,0.000,29.81
00:08.668,32.571,6.702,0.000,0.000,0.000,0.000,18.25,0,0,0.000,0.000,0.000,0.000,.00,5.699,49.269,0.000,0.000,0.000,0.000,26.17,53.71,11.883,0.000,0.000,0.000,0.000,29.58,59.298,15.502,0.000,0.000,0.000,0.000,30.93,63.852,19.529,0.000,0.000,0.000,0.000,31.37,68.38,24.497,0.000,0.000,0.000,0.000,31.02,71.502,29.326,0.000,0.000,0.000,0.000,29.81
00:08.768,32.526,6.655,0.000,0.000,0.000,0.000,18.29,0,0,0.000,0.000,0.000,0.000,.00,1.312,53.783,0.000,0.000,0.000,0.000,30.81,53.733,11.838,0.000,0.000,0.000,0.000,29.58,59.313,15.436,0.000,0.000,0.000,0.000,30.97,63.847,19.49,0.000,0.000,0.000,0.000,31.34,68.363,24.501,0.000,0.000,0.000,0.000,31.03,71.5,29.31,0.000,0.000,0.000,0.000,29.82
00:08.867,32.472,6.615,0.000,0.000,0.000,0.000,18.29,0,0,0.000,0.000,0.000,0.000,.00,-3.255,58.469,0.000,0.000,0.000,0.000,37.10,53.758,11.945,0.000,0.000,0.000,0.000,29.62,59.317,15.378,0.000,0.000,0.000,0.000,31.03,63.785,19.479,0.000,0.000,0.000,0.000,31.37,68.351,24.481,0.000,0.000,0.000,0.000,31.02,71.507,29.263,0.000,0.000,0.000,0.000,29.83
00:08.968,32.441,6.584,0.000,0.000,0.000,0.000,18.28,0,0,0.000,0.000,0.000,0.000,.00,-10.27,65.759,0.000,0.000,0.000,0.000,43.65,53.765,12.021,0.000,0.000,0.000,0.000,29.57,59.284,15.348,0.000,0.000,0.000,0.000,31.07,63.674,19.451,0.000,0.000,0.000,0.000,31.33,68.321,24.464,0.000,0.000,0.000,0.000,31.02,71.498,29.234,0.000,0.000,0.000,0.000,29.87
00:09.067,32.407,6.542,0.000,0.000,0.000,0.000,18.28,0,0,0.000,0.000,0.000,0.000,.00,45.942,8.113,0.000,0.000,0.000,0.000,53.76,53.76,12.025,0.000,0.000,0.000,0.000,29.52,59.235,15.349,0.000,0.000,0.000,0.000,31.07,63.571,19.424,0.000,0.000,0.000,0.000,31.27,68.272,24.457,0.000,0.000,0.000,0.000,31.01,71.489,29.232,0.000,0.000,0.000,0.000,29.89
00:09.168,32.399,6.517,0.000,0.000,0.000,0.000,18.29,0,0,0.000,0.000,0.000,0.000,.00,45.953,8.119,0.000,0.000,0.000,0.000,26.75,53.728,12.058,0.000,0.000,0.000,0.000,29.51,59.19,15.375,0.000,0.000,0.000,0.000,31.03,63.509,19.405,0.000,0.000,0.000,0.000,31.22,68.222,24.478,0.000,0.000,0.000,0.000,30.98,71.474,29.254,0.000,0.000,0.000,0.000,29.88
00:09.267,32.325,6.435,0.000,0.000,0.000,0.000,18.30,0,0,0.000,0.000,0.000,0.000,.00,45.938,8.1,0.000,0.000,0.000,0.000,26.75,53.622,12.128,0.000,0.000,0.000,0.000,29.47,59.17,15.382,0.000,0.000,0.000,0.000,30.98,63.474,19.392,0.000,0.000,0.000,0.000,31.19,68.141,24.494,0.000,0.000,0.000,0.000,30.93,71.464,29.303,0.000,0.000,0.000,0.000,29.85
00:09.368,32.242,6.42,0.000,0.000,0.000,0.000,18.31,0,0,0.000,0.000,0.000,0.000,.00,45.931,8.11,0.000,0.000,0.000,0.000,26.76,53.509,12.19,0.000,0.000,0.000,0.000,29.34,59.15,15.418,0.000,0.000,0.000,0.000,30.96,63.464,19.309,0.000,0.000,0.000,0.000,31.17,68.047,24.491,0.000,0.000,0.000,0.000,30.86,71.452,29.373,0.000,0.000,0.000,0.000,29.81
00:09.468,32.148,6.43,0.000,0.000,0.000,0.000,18.26,0,0,0.000,0.000,0.000,0.000,.00,45.938,8.113,0.074,0.037,0.000,0.000,26.74,53.429,12.261,0.000,0.000,0.000,0.000,29.22,59.202,15.415,0.000,0.000,0.000,0.000,30.92,63.452,19.195,0.000,0.000,0.000,0.000,31.22,67.974,24.478,0.000,0.000,0.000,0.000,30.80,71.454,29.41,0.000,0.000,0.000,0.000,29.75
00:09.568,32.077,6.48,0.000,0.000,0.000,0.000,18.19,0,0,0.000,0.000,0.000,0.000,.00,45.955,8.103,0.149,0.075,0.000,0.000,26.75,53.364,12.346,0.000,0.000,0.000,0.000,29.11,59.253,15.415,0.000,0.000,0.000,0.000,30.96,63.44,19.089,0.000,0.000,0.000,0.000,31.29,67.91,24.464,0.000,0.000,0.000,0.000,30.76,71.47,29.458,0.000,0.000,0.000,0.000,29.73
00:09.667,31.972,6.549,0.000,0.000,0.000,0.000,18.10,0,0,0.000,0.000,0.000,0.000,.00,45.955,8.1,0.223,0.112,0.000,0.000,26.77,53.294,12.449,0.000,0.000,0.000,0.000,29.00,59.294,15.377,0.000,0.000,0.000,0.000,31.00,63.431,19.029,0.000,0.000,0.000,0.000,31.36,67.862,24.446,0.000,0.000,0.000,0.000,30.72,71.49,29.495,0.000,0.000,0.000,0.000,29.71
00:09.768,31.917,6.662,0.000,0.000,0.000,0.000,17.98,0,0,0.000,0.000,0.000,0.000,.00,45.959,8.101,0.297,0.149,0.000,0.000,26.77,53.148,12.436,0.000,0.000,0.000,0.000,28.88,59.312,15.341,0.000,0.000,0.000,0.000,31.05,63.408,18.988,0.000,0.000,0.000,0.000,31.40,67.826,24.377,0.000,0.000,0.000,0.000,30.70,71.496,29.503,0.000,0.000,0.000,0.000,29.69
00:09.868,31.877,6.744,0.000,0.000,0.000,0.000,17.86,0,0,0.000,0.000,0.000,0.000,.00,45.948,8.114,0.371,0.186,0.000,0.000,26.77,52.961,12.317,0.000,0.000,0.000,0.000,28.79,59.297,15.296,0.000,0.000,0.000,0.000,31.09,63.373,18.909,0.000,0.000,0.000,0.000,31.41,67.805,24.352,0.000,0.000,0.000,0.000,30.72,71.514,29.534,0.000,0.000,0.000,0.000,29.69
00:09.968,31.852,6.786,0.000,0.000,0.000,0.000,17.77,0,0,0.000,0.000,0.000,0.000,.00,45.931,8.17,0.427,0.205,0.000,0.000,26.75,52.792,12.201,0.000,0.000,0.000,0.000,28.74,59.274,15.278,0.000,0.000,0.000,0.000,31.11,63.4,18.867,0.000,0.000,0.000,0.000,31.44,67.795,24.322,0.000,0.000,0.000,0.000,30.73,71.532,29.577,0.000,0.000,0.000,0.000,29.68
00:10.067,31.871,6.772,0.000,0.000,0.000,0.000,17.72,0,0,0.000,0.000,0.000,0.000,.00,60.927,15.69,0.483,0.224,0.691,0.691,26.70,52.644,12.134,0.000,0.000,0.000,0.000,28.70,59.236,15.218,0.000,0.000,0.000,0.000,31.11,63.458,18.861,0.000,0.000,0.000,0.000,31.49,67.809,24.312,0.000,0.000,0.000,0.000,30.74,71.547,29.594,0.000,0.000,0.000,0.000,29.67
00:10.168,31.848,6.72,0.000,0.000,0.000,0.000,17.75,0,0,0.000,0.000,0.000,0.000,.00,50.559,9.811,0.538,0.242,2.221,2.221,31.99,52.505,12.016,0.000,0.000,0.000,0.000,28.64,59.221,15.232,0.000,0.000,0.000,0.000,31.13,63.463,18.744,0.000,0.000,0.000,0.000,31.53,67.82,24.272,0.000,0.000,0.000,0.000,30.76,71.563,29.585,0.000,0.000,0.000,0.000,29.67
00:10.268,31.859,6.782,0.000,0.000,0.000,0.000,17.77,0,0,0.000,0.000,0.000,0.000,.00,53.098,9.172,0.594,0.261,2.221,2.221,28.81,52.477,11.928,0.000,0.000,0.000,0.000,28.63,59.19,15.243,0.000,0.000,0.000,0.000,31.10,63.452,18.661,0.000,0.000,0.000,0.000,31.62,67.859,24.251,0.000,0.000,0.000,0.000,30.79,71.563,29.495,0.000,0.000,0.000,0.000,29.68
00:10.368,31.868,6.751,0.000,0.000,0.000,0.000,17.73,0,0,0.000,0.000,0.000,0.000,.00,51.296,6.116,0.650,0.280,2.221,2.221,31.06,52.511,11.881,0.000,0.000,0.000,0.000,28.67,59.205,15.217,0.000,0.000,0.000,0.000,31.08,63.839,18.604,0.000,0.000,0.000,0.000,31.67,67.909,24.239,0.000,0.000,0.000,0.000,30.84,71.567,29.424,0.000,0.000,0.000,0.000,29.75
00:10.468,31.912,6.701,0.000,0.000,0.000,0.000,17.76,0,0,0.000,0.000,0.000,0.000,.00,50.193,6.282,0.705,0.298,2.221,2.221,31.95,52.53,11.875,0.000,0.000,0.000,0.000,28.73,59.168,15.215,0.000,0.000,0.000,0.000,31.10,64.243,18.625,0.000,0.000,0.000,0.000,31.99,67.954,24.228,0.000,0.000,0.000,0.000,30.88,71.579,29.399,0.000,0.000,0.000,0.000,29.80
00:10.568,31.929,6.605,0.000,0.000,0.000,0.000,17.83,0,0,0.000,0.000,0.000,0.000,.00,48.943,7.439,0.747,0.305,2.221,2.221,31.05,52.567,11.797,0.000,0.000,0.000,0.000,28.75,59.164,15.227,0.000,0.000,0.000,0.000,31.08,64.779,18.641,0.000,0.000,0.000,0.000,32.26,67.999,24.184,0.000,0.000,0.000,0.000,30.92,71.615,29.323,0.000,0.000,0.000,0.000,29.83
00:10.668,32.053,6.577,0.000,0.000,0.000,0.000,17.91,0,0,0.000,0.000,0.000,0.000,.00,48.064,7.598,0.789,0.312,2.221,2.221,29.35,52.65,11.657,0.000,0.000,0.000,0.000,28.83,59.121,15.269,0.000,0.000,0.000,0.000,31.07,65.224,18.645,0.000,0.000,0.000,0.000,32.62,68.047,24.155,0.000,0.000,0.000,0.000,30.98,71.63,29.241,0.000,0.000,0.000,0.000,29.90
00:10.768,32.128,6.505,0.000,0.000,0.000,0.000,18.01,0,0,0.000,0.000,0.000,0.000,.00,48.105,7.312,0.831,0.320,2.221,2.221,28.61,52.768,11.606,0.000,0.000,0.000,0.000,28.99,59.095,15.334,0.000,0.000,0.000,0.000,31.01,65.504,18.598,0.000,0.000,0.000,0.000,32.94,68.103,24.141,0.000,0.000,0.000,0.000,31.04,71.652,29.193,0.000,0.000,0.000,0.000,29.97
00:10.868,32.24,6.467,0.000,0.000,0.000,0.000,18.12,0,0,0.000,0.000,0.000,0.000,.00,46.675,7.108,0.872,0.327,2.221,2.221,28.85,52.904,11.563,0.000,0.000,0.000,0.000,29.11,59.093,15.438,0.000,0.000,0.000,0.000,30.94,65.817,18.581,0.000,0.000,0.000,0.000,33.17,68.142,24.087,0.000,0.000,0.000,0.000,31.09,71.708,29.176,0.000,0.000,0.000,0.000,30.02
00:10.967,32.341,6.484,0.000,0.000,0.000,0.000,18.22,0,0,0.000,0.000,0.000,0.000,.00,46.643,7.112,0.840,0.296,2.221,2.221,27.98,53.045,11.517,0.000,0.000,0.000,0.000,29.23,59.112,15.521,0.000,0.000,0.000,0.000,30.87,66.277,18.528,0.000,0.000,0.000,0.000,33.40,68.165,24.073,0.000,0.000,0.000,0.000,31.15,71.742,29.109,0.000,0.000,0.000,0.000,30.07
00:11.068,32.407,6.576,0.000,0.000,0.000,0.000,18.28,0,0,0.000,0.000,0.000,0.000,.00,45.285,7.421,0.797,0.259,2.221,2.221,27.95,53.166,11.491,0.000,0.000,0.000,0.000,29.36,59.155,15.612,0.000,0.000,0.000,0.000,30.82,65.462,18.584,0.000,0.000,0.000,0.000,33.76,68.201,24.006,0.000,0.000,0.000,0.000,31.18,71.759,29.057,0.000,0.000,0.000,0.000,30.15
00:11.168,32.491,6.648,0.000,0.000,0.000,0.000,18.27,0,0,0.000,0.000,0.000,0.000,.00,45.5,7.682,0.754,0.222,2.221,2.221,26.77,53.271,11.509,0.000,0.000,0.000,0.000,29.47,59.212,15.591,0.000,0.000,0.000,0.000,30.79,64.729,18.704,0.000,0.000,0.000,0.000,33.15,68.236,23.947,0.000,0.000,0.000,0.000,31.25,71.776,28.976,0.000,0.000,0.000,0.000,30.19
00:11.267,32.606,6.68,0.000,0.000,0.000,0.000,18.27,0,0,0.000,0.000,0.000,0.000,.00,45.559,7.707,0.711,0.185,2.221,2.221,26.74,53.289,11.552,0.000,0.000,0.000,0.000,29.53,59.279,15.629,0.000,0.000,0.000,0.000,30.84,64.218,18.838,0.000,0.000,0.000,0.000,32.54,68.25,23.904,0.000,0.000,0.000,0.000,31.32,71.794,28.949,0.000,0.000,0.000,0.000,30.26
00:11.368,32.745,6.734,0.000,0.000,0.000,0.000,18.33,0,0,0.000,0.000,0.000,0.000,.00,45.887,8.187,0.668,0.148,2.221,2.221,26.77,53.277,11.563,0.000,0.000,0.000,0.000,29.51,59.313,15.65,0.000,0.000,0.000,0.000,30.87,63.707,18.911,0.000,0.000,0.000,0.000,32.09,68.261,23.873,0.000,0.000,0.000,0.000,31.36,71.788,28.904,0.000,0.000,0.000,0.000,30.30
00:11.468,32.808,6.795,0.000,0.000,0.000,0.000,18.39,0,0,0.000,0.000,0.000,0.000,.00,45.913,8.218,0.635,0.125,2.221,2.221,26.66,53.264,11.559,0.000,0.000,0.000,0.000,29.50,59.372,15.671,0.000,0.000,0.000,0.000,30.87,63.232,18.976,0.000,0.000,0.000,0.000,31.68,68.284,23.816,0.000,0.000,0.000,0.000,31.39,71.752,28.848,0.000,0.000,0.000,0.000,30.32
00:11.569,32.889,6.867,0.000,0.000,0.000,0.000,18.39,0,0,0.000,0.000,0.000,0.000,.00,45.899,8.176,0.603,0.102,2.221,2.221,26.65,53.212,11.58,0.000,0.000,0.000,0.000,29.49,59.397,15.687,0.000,0.000,0.000,0.000,30.90,62.785,19.051,0.000,0.000,0.000,0.000,31.29,68.285,23.814,0.000,0.000,0.000,0.000,31.44,71.702,28.831,0.000,0.000,0.000,0.000,30.34
00:11.667,32.935,6.903,0.000,0.000,0.000,0.000,18.40,0,0,0.000,0.000,0.000,0.000,.00,45.912,8.187,0.571,0.080,2.221,2.221,26.67,53.119,11.616,0.000,0.000,0.000,0.000,29.44,59.441,15.688,0.000,0.000,0.000,0.000,30.91,62.735,19.098,0.000,0.000,0.000,0.000,30.92,68.27,23.834,0.000,0.000,0.000,0.000,31.45,71.673,28.877,0.000,0.000,0.000,0.000,30.31
00:11.767,32.962,6.922,0.000,0.000,0.000,0.000,18.41,0,0,0.000,0.000,0.000,0.000,.00,45.933,8.17,0.539,0.057,2.221,2.221,26.68,53.072,11.654,0.000,0.000,0.000,0.000,29.35,59.459,15.658,0.000,0.000,0.000,0.000,30.94,62.776,19.135,0.000,0.000,0.000,0.000,30.86,68.249,23.874,0.000,0.000,0.000,0.000,31.42,71.668,28.915,0.000,0.000,0.000,0.000,30.26
00:11.868,32.902,6.946,0.000,0.000,0.000,0.000,18.41,0,0,0.000,0.000,0.000,0.000,.00,45.936,8.149,0.506,0.035,2.221,2.221,26.70,53.018,11.733,0.000,0.000,0.000,0.000,29.29,59.487,15.624,0.000,0.000,0.000,0.000,30.97,62.904,19.181,0.000,0.000,0.000,0.000,30.86,68.244,23.917,0.000,0.000,0.000,0.000,31.38,71.632,28.933,0.000,0.000,0.000,0.000,30.23
00:11.967,32.889,6.917,0.000,0.000,0.000,0.000,18.35,0,0,0.000,0.000,0.000,0.000,.00,45.95,8.13,0.474,0.012,2.221,2.221,26.72,52.969,11.768,0.000,0.000,0.000,0.000,29.19,59.511,15.58,0.000,0.000,0.000,0.000,31.02,63.036,19.251,0.000,0.000,0.000,0.000,30.92,68.242,23.931,0.000,0.000,0.000,0.000,31.34,71.637,28.975,0.000,0.000,0.000,0.000,30.19
00:12.068,32.891,6.888,0.000,0.000,0.000,0.000,18.36,0,0,0.000,0.000,0.000,0.000,.00,45.927,8.105,0.450,-0.001,2.221,2.221,26.74,52.946,11.803,0.000,0.000,0.000,0.000,29.13,59.518,15.549,0.000,0.000,0.000,0.000,31.06,63.395,19.313,0.000,0.000,0.000,0.000,30.96,68.229,23.981,0.000,0.000,0.000,0.000,31.33,71.654,29.02,0.000,0.000,0.000,0.000,30.17
00:12.167,32.889,6.891,0.000,0.000,0.000,0.000,18.39,0,0,0.000,0.000,0.000,0.000,.00,45.907,8.119,0.426,-0.014,2.221,2.221,26.74,52.954,11.806,0.000,0.000,0.000,0.000,29.09,59.523,15.564,0.000,0.000,0.000,0.000,31.09,63.864,19.294,0.000,0.000,0.000,0.000,31.17,68.217,24.025,0.000,0.000,0.000,0.000,31.29,71.662,29.073,0.000,0.000,0.000,0.000,30.15
00:12.269,32.875,6.903,0.000,0.000,0.000,0.000,18.38,0,0,0.000,0.000,0.000,0.000,.00,45.933,8.178,0.402,-0.027,2.221,2.221,26.72,52.982,11.716,0.000,0.000,0.000,0.000,29.10,59.543,15.518,0.000,0.000,0.000,0.000,31.08,64.007,19.289,0.000,0.000,0.000,0.000,31.52,68.226,24.013,0.000,0.000,0.000,0.000,31.25,71.674,29.123,0.000,0.000,0.000,0.000,30.11
00:12.367,32.83,6.893,0.000,0.000,0.000,0.000,18.36,0,0,0.000,0.000,0.000,0.000,.00,45.937,8.209,0.377,-0.039,2.221,2.221,26.70,53.016,11.642,0.000,0.000,0.000,0.000,29.18,59.56,15.48,0.000,0.000,0.000,0.000,31.13,64.017,19.379,0.000,0.000,0.000,0.000,31.62,68.218,24.037,0.000,0.000,0.000,0.000,31.26,71.686,29.151,0.000,0.000,0.000,0.000,30.09
00:12.468,32.759,6.882,0.000,0.000,0.000,0.000,18.34,0,0,0.000,0.000,0.000,0.000,.00,45.928,8.201,0.353,-0.052,2.221,2.221,26.68,53.048,11.598,0.000,0.000,0.000,0.000,29.26,59.554,15.458,0.000,0.000,0.000,0.000,31.17,64.06,19.415,0.000,0.000,0.000,0.000,31.56,68.213,24.046,0.000,0.000,0.000,0.000,31.24,71.705,29.18,0.000,0.000,0.000,0.000,30.08
00:12.567,32.708,6.836,0.000,0.000,0.000,0.000,18.30,0,0,0.000,0.000,0.000,0.000,.00,45.924,8.229,0.335,-0.059,2.221,2.221,26.68,53.11,11.568,0.000,0.000,0.000,0.000,29.31,59.534,15.457,0.000,0.000,0.000,0.000,31.18,64.073,19.45,0.000,0.000,0.000,0.000,31.57,68.219,24.029,0.000,0.000,0.000,0.000,31.23,71.718,29.204,0.000,0.000,0.000,0.000,30.07
00:12.667,32.605,6.775,0.000,0.000,0.000,0.000,18.29,0,0,0.000,0.000,0.000,0.000,.00,45.943,8.27,0.317,-0.065,2.221,2.221,26.65,53.152,11.572,0.000,0.000,0.000,0.000,29.37,59.502,15.445,0.000,0.000,0.000,0.000,31.17,64.038,19.491,0.000,0.000,0.000,0.000,31.55,68.229,23.995,0.000,0.000,0.000,0.000,31.25,71.725,29.193,0.000,0.000,0.000,0.000,30.06
00:12.767,32.52,6.684,0.000,0.000,0.000,0.000,18.26,0,0,0.000,0.000,0.000,0.000,.00,45.935,8.276,0.299,-0.072,2.221,2.221,26.64,53.153,11.581,0.000,0.000,0.000,0.000,29.40,59.5,15.47,0.000,0.000,0.000,0.000,31.15,64.026,19.516,0.000,0.000,0.000,0.000,31.50,68.243,23.966,0.000,0.000,0.000,0.000,31.28,71.733,29.174,0.000,0.000,0.000,0.000,30.07
00:12.868,32.473,6.575,0.000,0.000,0.000,0.000,18.27,0,0,0.000,0.000,0.000,0.000,.00,45.932,8.275,0.281,-0.078,2.221,2.221,26.63,53.176,11.571,0.000,0.000,0.000,0.000,29.40,59.5,15.501,0.000,0.000,0.000,0.000,31.13,63.982,19.521,0.000,0.000,0.000,0.000,31.47,68.259,23.922,0.000,0.000,0.000,0.000,31.31,71.716,29.129,0.000,0.000,0.000,0.000,30.09
00:12.968,32.424,6.492,0.000,0.000,0.000,0.000,18.31,0,0,0.000,0.000,0.000,0.000,.00,45.938,8.304,0.267,-0.081,2.221,2.221,26.63,53.177,11.534,0.000,0.000,0.000,0.000,29.42,59.476,15.547,0.000,0.000,0.000,0.000,31.11,63.924,19.551,0.000,0.000,0.000,0.000,31.44,68.263,23.898,0.000,0.000,0.000,0.000,31.35,71.655,29.073,0.000,0.000,0.000,0.000,30.11
00:13.068,32.34,6.415,0.000,0.000,0.000,0.000,18.34,0,0,0.000,0.000,0.000,0.000,.00,45.931,8.298,0.253,-0.084,2.221,2.221,26.61,53.189,11.485,0.000,0.000,0.000,0.000,29.45,59.492,15.593,0.000,0.000,0.000,0.000,31.06,63.918,19.594,0.000,0.000,0.000,0.000,31.38,68.273,23.883,0.000,0.000,0.000,0.000,31.37,71.599,29.008,0.000,0.000,0.000,0.000,30.11
00:13.168,32.28,6.343,0.000,0.000,0.000,0.000,18.33,0,0,0.000,0.000,0.000,0.000,.00,45.921,8.283,0.240,-0.086,2.221,2.221,26.61,53.203,11.44,0.000,0.000,0.000,0.000,29.49,59.491,15.646,0.000,0.000,0.000,0.000,31.04,63.91,19.666,0.000,0.000,0.000,0.000,31.34,68.281,23.864,0.000,0.000,0.000,0.000,31.39,71.566,28.983,0.000,0.000,0.000,0.000,30.12
00:13.268,32.192,6.293,0.000,0.000,0.000,0.000,18.34,0,0,0.000,0.000,0.000,0.000,.00,45.873,8.22,0.226,-0.089,2.221,2.221,26.61,53.228,11.435,0.000,0.000,0.000,0.000,29.53,59.479,15.694,0.000,0.000,0.000,0.000,31.00,63.917,19.709,0.000,0.000,0.000,0.000,31.29,68.273,23.872,0.000,0.000,0.000,0.000,31.41,71.526,28.957,0.000,0.000,0.000,0.000,30.11
00:13.368,32.109,6.305,0.000,0.000,0.000,0.000,18.31,0,0,0.000,0.000,0.000,0.000,.00,45.851,8.198,0.213,-0.091,2.221,2.221,26.62,53.191,11.362,0.000,0.000,0.000,0.000,29.55,59.497,15.741,0.000,0.000,0.000,0.000,30.96,63.936,19.758,0.000,0.000,0.000,0.000,31.26,68.284,23.846,0.000,0.000,0.000,0.000,31.40,71.516,28.966,0.000,0.000,0.000,0.000,30.10
00:13.468,32.09,6.325,0.000,0.000,0.000,0.000,18.25,0,0,0.000,0.000,0.000,0.000,.00,45.845,8.192,0.199,-0.094,2.221,2.221,26.62,53.172,11.318,0.000,0.000,0.000,0.000,29.58,59.531,15.792,0.000,0.000,0.000,0.000,30.94,63.955,19.802,0.000,0.000,0.000,0.000,31.24,68.282,23.857,0.000,0.000,0.000,0.000,31.42,71.51,28.969,0.000,0.000,0.000,0.000,30.09
00:13.568,32.067,6.375,0.000,0.000,0.000,0.000,18.22,0,0,0.000,0.000,0.000,0.000,.00,45.848,8.24,0.189,-0.094,2.221,2.221,26.62,53.094,11.21,0.000,0.000,0.000,0.000,29.60,59.572,15.819,0.000,0.000,0.000,0.000,30.93,63.989,19.872,0.000,0.000,0.000,0.000,31.22,68.284,23.871,0.000,0.000,0.000,0.000,31.41,71.505,28.974,0.000,0.000,0.000,0.000,30.08
00:13.667,32.032,6.397,0.000,0.000,0.000,0.000,18.17,0,0,0.000,0.000,0.000,0.000,.00,45.816,8.229,0.179,-0.094,2.221,2.221,26.59,53.053,11.102,0.000,0.000,0.000,0.000,29.62,59.637,15.833,0.000,0.000,0.000,0.000,30.94,64.061,19.978,0.000,0.000,0.000,0.000,31.20,68.288,23.896,0.000,0.000,0.000,0.000,31.40,71.502,28.99,0.000,0.000,0.000,0.000,30.07
00:13.769,32.017,6.457,0.000,0.000,0.000,0.000,18.13,0,0,0.000,0.000,0.000,0.000,.00,45.803,8.237,0.168,-0.094,2.221,2.221,26.58,53.014,11.018,0.000,0.000,0.000,0.000,29.66,59.694,15.835,0.000,0.000,0.000,0.000,30.97,64.068,20.071,0.000,0.000,0.000,0.000,31.17,68.282,23.901,0.000,0.000,0.000,0.000,31.39,71.474,28.999,0.000,0.000,0.000,0.000,30.06
00:13.868,32.039,6.535,0.000,0.000,0.000,0.000,18.07,0,0,0.000,0.000,0.000,0.000,.00,45.781,8.24,0.158,-0.094,2.221,2.221,26.56,53.018,10.986,0.000,0.000,0.000,0.000,29.70,59.759,15.838,0.000,0.000,0.000,0.000,31.01,64.11,20.104,0.000,0.000,0.000,0.000,31.11,68.272,23.921,0.000,0.000,0.000,0.000,31.38,71.459,29.013,0.000,0.000,0.000,0.000,30.03
00:13.968,32.036,6.594,0.000,0.000,0.000,0.000,18.03,0,0,0.000,0.000,0.000,0.000,.00,45.745,8.233,0.146,-0.094,2.221,2.221,26.55,53.058,10.989,0.000,0.000,0.000,0.000,29.72,59.83,15.836,0.000,0.000,0.000,0.000,31.06,64.158,20.109,0.000,0.000,0.000,0.000,31.12,68.279,23.932,0.000,0.000,0.000,0.000,31.36,71.485,29.062,0.000,0.000,0.000,0.000,30.01
00:14.068,32.005,6.613,0.000,0.000,0.000,0.000,17.99,0,0,0.000,0.000,0.000,0.000,.00,45.737,8.199,0.138,-0.093,2.221,2.221,26.52,53.089,11.063,0.000,0.000,0.000,0.000,29.75,59.878,15.825,0.000,0.000,0.000,0.000,31.11,64.179,20.102,0.000,0.000,0.000,0.000,31.15,68.273,23.934,0.000,0.000,0.000,0.000,31.36,71.504,29.096,0.000,0.000,0.000,0.000,30.00
00:14.168,31.989,6.665,0.000,0.000,0.000,0.000,17.95,0,0,0.000,0.000,0.000,0.000,.00,45.738,8.193,0.131,-0.092,2.221,2.221,26.54,53.11,11.136,0.000,0.000,0.000,0.000,29.72,59.933,15.824,0.000,0.000,0.000,0.000,31.15,64.193,20.067,0.000,0.000,0.000,0.000,31.17,68.282,23.932,0.000,0.000,0.000,0.000,31.35,71.527,29.113,0.000,0.000,0.000,0.000,29.99
00:14.267,31.986,6.677,0.000,0.000,0.000,0.000,17.91,0,0,0.000,0.000,0.000,0.000,.00,45.717,8.191,0.123,-0.091,2.221,2.221,26.55,53.098,11.159,0.000,0.000,0.000,0.000,29.68,59.979,15.854,0.000,0.000,0.000,0.000,31.19,64.194,20.052,0.000,0.000,0.000,0.000,31.20,68.283,23.939,0.000,0.000,0.000,0.000,31.36,71.558,29.13,0.000,0.000,0.000,0.000,29.99
00:14.367,31.952,6.546,0.000,0.000,0.000,0.000,17.90,0,0,0.000,0.000,0.000,0.000,.00,45.676,8.141,0.115,-0.090,2.221,2.221,26.53,53.131,11.244,0.000,0.000,0.000,0.000,29.66,59.978,15.91,0.000,0.000,0.000,0.000,31.20,64.191,20.01,0.000,0.000,0.000,0.000,31.21,68.28,23.944,0.000,0.000,0.000,0.000,31.36,71.574,29.148,0.000,0.000,0.000,0.000,30.00
00:14.468,31.892,6.358,0.000,0.000,0.000,0.000,17.96,0,0,0.000,0.000,0.000,0.000,.00,45.667,8.112,0.110,-0.088,2.221,2.221,26.54,53.168,11.33,0.000,0.000,0.000,0.000,29.62,59.981,15.947,0.000,0.000,0.000,0.000,31.16,64.218,20.005,0.000,0.000,0.000,0.000,31.24,68.28,23.947,0.000,0.000,0.000,0.000,31.35,71.591,29.151,0.000,0.000,0.000,0.000,30.00
00:14.568,31.868,6.288,0.000,0.000,0.000,0.000,18.06,0,0,0.000,0.000,0.000,0.000,.00,45.647,8.094,0.104,-0.086,2.221,2.221,26.56,53.228,11.407,0.000,0.000,0.000,0.000,29.58,59.966,15.992,0.000,0.000,0.000,0.000,31.14,64.25,20.008,0.000,0.000,0.000,0.000,31.26,68.284,23.93,0.000,0.000,0.000,0.000,31.35,71.598,29.148,0.000,0.000,0.000,0.000,30.01
00:14.669,31.853,6.245,0.000,0.000,0.000,0.000,18.09,0,0,0.000,0.000,0.000,0.000,.00,45.658,8.068,0.098,-0.084,2.221,2.221,26.55,53.253,11.44,0.000,0.000,0.000,0.000,29.57,59.942,16.035,0.000,0.000,0.000,0.000,31.09,64.255,19.965,0.000,0.000,0.000,0.000,31.28,68.291,23.923,0.000,0.000,0.000,0.000,31.36,71.592,29.136,0.000,0.000,0.000,0.000,30.02
00:14.768,31.835,6.192,0.000,0.000,0.000,0.000,18.11,0,0,0.000,0.000,0.000,0.000,.00,45.69,8.068,0.093,-0.083,2.221,2.221,26.58,53.309,11.512,0.000,0.000,0.000,0.000,29.57,59.868,16.075,0.000,0.000,0.000,0.000,31.05,64.339,19.929,0.000,0.000,0.000,0.000,31.32,68.302,23.926,0.000,0.000,0.000,0.000,31.37,71.608,29.131,0.000,0.000,0.000,0.000,30.02
00:14.868,31.788,6.22,0.000,0.000,0.000,0.000,18.13,0,0,0.000,0.000,0.000,0.000,.00,45.719,8.122,0.087,-0.081,2.221,2.221,26.60,53.297,11.52,0.000,0.000,0.000,0.000,29.55,59.792,16.073,0.000,0.000,0.000,0.000,30.97,64.4,19.958,0.000,0.000,0.000,0.000,31.40,68.311,23.931,0.000,0.000,0.000,0.000,31.38,71.636,29.115,0.000,0.000,0.000,0.000,30.04
00:14.968,31.773,6.261,0.000,0.000,0.000,0.000,18.08,0,0,0.000,0.000,0.000,0.000,.00,45.715,8.128,0.080,-0.078,2.221,2.221,26.59,53.272,11.534,0.000,0.000,0.000,0.000,29.54,59.703,16.076,0.000,0.000,0.000,0.000,30.91,64.459,19.994,0.000,0.000,0.000,0.000,31.43,68.307,23.94,0.000,0.000,0.000,0.000,31.38,71.656,29.079,0.000,0.000,0.000,0.000,30.07
00:15.068,31.806,6.311,0.000,0.000,0.000,0.000,18.04,0,0,0.000,0.000,0.000,0.000,.00,45.706,8.125,0.076,-0.076,2.221,2.221,26.58,53.238,11.522,0.000,0.000,0.000,0.000,29.51,59.645,16.105,0.000,0.000,0.000,0.000,30.85,64.523,20.04,0.000,0.000,0.000,0.000,31.44,68.301,23.956,0.000,0.000,0.000,0.000,31.37,71.698,29.087,0.000,0.000,0.000,0.000,30.11
00:15.168,31.86,6.319,0.000,0.000,0.000,0.000,18.03,0,0,0.000,0.000,0.000,0.000,.00,45.674,8.134,0.071,-0.074,2.221,2.221,26.57,53.201,11.471,0.000,0.000,0.000,0.000,29.50,59.604,16.125,0.000,0.000,0.000,0.000,30.79,64.6,20.12,0.000,0.000,0.000,0.000,31.45,68.284,23.978,0.000,0.000,0.000,0.000,31.36,71.711,29.087,0.000,0.000,0.000,0.000,30.13
00:15.269,31.943,6.438,0.000,0.000,0.000,0.000,18.06,0,0,0.000,0.000,0.000,0.000,.00,45.688,8.135,0.067,-0.072,2.221,2.221,26.54,53.187,11.472,0.000,0.000,0.000,0.000,29.51,59.591,16.088,0.000,0.000,0.000,0.000,30.74,64.683,20.195,0.000,0.000,0.000,0.000,31.45,68.295,23.972,0.000,0.000,0.000,0.000,31.33,71.713,29.065,0.000,0.000,0.000,0.000,30.14
00:15.368,32.047,6.534,0.000,0.000,0.000,0.000,18.03,0,0,0.000,0.000,0.000,0.000,.00,45.711,8.19,0.063,-0.070,2.221,2.221,26.55,53.166,11.459,0.000,0.000,0.000,0.000,29.50,59.577,16.059,0.000,0.000,0.000,0.000,30.76,64.783,20.233,0.000,0.000,0.000,0.000,31.46,68.298,23.98,0.000,0.000,0.000,0.000,31.34,71.713,29.055,0.000,0.000,0.000,0.000,30.16
00:15.468,32.172,6.693,0.000,0.000,0.000,0.000,18.04,0,0,0.000,0.000,0.000,0.000,.00,45.752,8.22,0.059,-0.068,2.221,2.221,26.53,53.13,11.394,0.000,0.000,0.000,0.000,29.49,59.586,15.987,0.000,0.000,0.000,0.000,30.77,64.824,20.222,0.000,0.000,0.000,0.000,31.50,68.297,23.953,0.000,0.000,0.000,0.000,31.34,71.689,29.014,0.000,0.000,0.000,0.000,30.16
00:15.568,32.237,6.727,0.000,0.000,0.000,0.000,18.02,0,0,0.000,0.000,0.000,0.000,.00,45.721,8.201,0.056,-0.066,2.221,2.221,26.54,53.124,11.356,0.000,0.000,0.000,0.000,29.51,59.602,15.926,0.000,0.000,0.000,0.000,30.83,64.852,20.183,0.000,0.000,0.000,0.000,31.54,68.294,23.954,0.000,0.000,0.000,0.000,31.36,71.684,28.991,0.000,0.000,0.000,0.000,30.18
00:15.668,32.304,6.777,0.000,0.000,0.000,0.000,18.04,0,0,0.000,0.000,0.000,0.000,.00,45.683,8.169,0.053,-0.064,2.221,2.221,26.53,53.131,11.417,0.000,0.000,0.000,0.000,29.53,59.62,15.901,0.000,0.000,0.000,0.000,30.88,64.884,20.183,0.000,0.000,0.000,0.000,31.59,68.29,23.964,0.000,0.000,0.000,0.000,31.35,71.689,29.002,0.000,0.000,0.000,0.000,30.19
00:15.769,32.366,6.774,0.000,0.000,0.000,0.000,18.05,0,0,0.000,0.000,0.000,0.000,.00,45.601,8.153,0.050,-0.062,2.221,2.221,26.53,53.138,11.444,0.000,0.000,0.000,0.000,29.50,59.65,15.866,0.000,0.000,0.000,0.000,30.91,64.906,20.201,0.000,0.000,0.000,0.000,31.61,68.28,23.963,0.000,0.000,0.000,0.000,31.34,71.679,29.051,0.000,0.000,0.000,0.000,30.18
00:15.868,32.461,6.732,0.000,0.000,0.000,0.000,18.10,0,0,0.000,0.000,0.000,0.000,.00,45.581,8.057,0.046,-0.060,2.221,2.221,26.48,53.162,11.469,0.000,0.000,0.000,0.000,29.48,59.684,15.87,0.000,0.000,0.000,0.000,30.96,64.936,20.189,0.000,0.000,0.000,0.000,31.61,68.283,23.949,0.000,0.000,0.000,0.000,31.34,71.667,29.085,0.000,0.000,0.000,0.000,30.14
00:15.968,32.541,6.71,0.000,0.000,0.000,0.000,18.19,0,0,0.000,0.000,0.000,0.000,.00,45.566,8.044,0.044,-0.059,2.221,2.221,26.53,53.171,11.507,0.000,0.000,0.000,0.000,29.48,59.741,15.912,0.000,0.000,0.000,0.000,30.98,64.973,20.202,0.000,0.000,0.000,0.000,31.64,68.288,23.937,0.000,0.000,0.000,0.000,31.35,71.667,29.157,0.000,0.000,0.000,0.000,30.11
00:16.068,32.598,6.701,0.000,0.000,0.000,0.000,18.27,0,0,0.000,0.000,0.000,0.000,.00,45.554,8.022,0.042,-0.057,2.221,2.221,26.53,53.182,11.528,0.000,0.000,0.000,0.000,29.46,59.783,15.887,0.000,0.000,0.000,0.000,30.99,65.021,20.202,0.000,0.000,0.000,0.000,31.66,68.291,23.918,0.000,0.000,0.000,0.000,31.36,71.653,29.229,0.000,0.000,0.000,0.000,30.06
00:16.167,32.633,6.68,0.000,0.000,0.000,0.000,18.31,0,0,0.000,0.000,0.000,0.000,.00,45.572,8.048,0.040,-0.055,2.221,2.221,26.54,53.194,11.554,0.000,0.000,0.000,0.000,29.45,59.78,15.876,0.000,0.000,0.000,0.000,31.04,65.072,20.179,0.000,0.000,0.000,0.000,31.69,68.299,23.881,0.000,0.000,0.000,0.000,31.38,71.643,29.283,0.000,0.000,0.000,0.000,30.00
00:16.269,32.683,6.671,0.000,0.000,0.000,0.000,18.35,0,0,0.000,0.000,0.000,0.000,.00,45.628,8.095,0.037,-0.053,2.221,2.221,26.53,53.195,11.575,0.000,0.000,0.000,0.000,29.44,59.765,15.91,0.000,0.000,0.000,0.000,31.04,65.115,20.182,0.000,0.000,0.000,0.000,31.74,68.294,23.89,0.000,0.000,0.000,0.000,31.41,71.633,29.35,0.000,0.000,0.000,0.000,29.95
00:16.368,32.728,6.72,0.000,0.000,0.000,0.000,18.39,0,0,0.000,0.000,0.000,0.000,.00,45.687,8.105,0.035,-0.052,2.221,2.221,26.54,53.218,11.614,0.000,0.000,0.000,0.000,29.43,59.799,15.896,0.000,0.000,0.000,0.000,31.01,65.136,20.233,0.000,0.000,0.000,0.000,31.77,68.29,23.869,0.000,0.000,0.000,0.000,31.40,71.613,29.41,0.000,0.000,0.000,0.000,29.90
00:16.468,32.803,6.749,0.000,0.000,0.000,0.000,18.39,0,0,0.000,0.000,0.000,0.000,.00,45.695,8.111,0.033,-0.050,2.221,2.221,26.57,53.234,11.638,0.000,0.000,0.000,0.000,29.42,59.786,15.916,0.000,0.000,0.000,0.000,31.04,65.166,20.311,0.000,0.000,0.000,0.000,31.75,68.292,23.897,0.000,0.000,0.000,0.000,31.41,71.625,29.498,0.000,0.000,0.000,0.000,29.84
00:16.568,32.895,6.78,0.000,0.000,0.000,0.000,18.42,0,0,0.000,0.000,0.000,0.000,.00,45.785,8.132,0.031,-0.049,2.221,2.221,26.58,53.264,11.708,0.000,0.000,0.000,0.000,29.41,59.778,15.93,0.000,0.000,0.000,0.000,31.02,65.193,20.405,0.000,0.000,0.000,0.000,31.72,68.287,23.916,0.000,0.000,0.000,0.000,31.39,71.611,29.534,0.000,0.000,0.000,0.000,29.79
00:16.668,32.977,6.824,0.000,0.000,0.000,0.000,18.47,0,0,0.000,0.000,0.000,0.000,.00,45.87,8.11,0.030,-0.047,2.221,2.221,26.62,53.289,11.717,0.000,0.000,0.000,0.000,29.38,59.799,15.943,0.000,0.000,0.000,0.000,31.01,65.207,20.455,0.000,0.000,0.000,0.000,31.67,68.289,23.899,0.000,0.000,0.000,0.000,31.38,71.609,29.571,0.000,0.000,0.000,0.000,29.75
00:16.768,32.99,6.861,0.000,0.000,0.000,0.000,18.49,0,0,0.000,0.000,0.000,0.000,.00,45.915,8.042,0.028,-0.045,2.221,2.221,26.70,53.292,11.706,0.000,0.000,0.000,0.000,29.40,59.833,15.972,0.000,0.000,0.000,0.000,31.01,65.189,20.466,0.000,0.000,0.000,0.000,31.64,68.298,23.891,0.000,0.000,0.000,0.000,31.39,71.591,29.542,0.000,0.000,0.000,0.000,29.73
00:16.867,33.012,6.874,0.000,0.000,0.000,0.000,18.48,0,0,0.000,0.000,0.000,0.000,.00,45.954,8.108,0.026,-0.043,2.221,2.221,26.78,53.279,11.702,0.000,0.000,0.000,0.000,29.41,59.833,16.002,0.000,0.000,0.000,0.000,31.01,65.144,20.45,0.000,0.000,0.000,0.000,31.62,68.289,23.912,0.000,0.000,0.000,0.000,31.40,71.57,29.533,0.000,0.000,0.000,0.000,29.73
00:16.968,33.013,6.884,0.000,0.000,0.000,0.000,18.48,0,0,0.000,0.000,0.000,0.000,.00,46.041,8.105,0.025,-0.042,2.221,2.221,26.76,53.285,11.688,0.000,0.000,0.000,0.000,29.40,59.843,16.021,0.000,0.000,0.000,0.000,30.99,65.098,20.402,0.000,0.000,0.000,0.000,31.60,68.296,23.906,0.000,0.000,0.000,0.000,31.38,71.537,29.504,0.000,0.000,0.000,0.000,29.72
00:17.067,33.014,6.909,0.000,0.000,0.000,0.000,18.48,0,0,0.000,0.000,0.000,0.000,.00,46.136,8.179,0.023,-0.040,2.221,2.221,26.82,53.268,11.631,0.000,0.000,0.000,0.000,29.41,59.846,16.068,0.000,0.000,0.000,0.000,30.99,65.051,20.378,0.000,0.000,0.000,0.000,31.60,68.307,23.909,0.000,0.000,0.000,0.000,31.39,71.505,29.465,0.000,0.000,0.000,0.000,29.72
00:17.168,33.082,6.934,0.000,0.000,0.000,0.000,18.46,0,0,0.000,0.000,0.000,0.000,.00,46.237,8.216,0.022,-0.039,2.221,2.221,26.84,53.261,11.634,0.000,0.000,0.000,0.000,29.44,59.866,16.094,0.000,0.000,0.000,0.000,30.96,64.99,20.375,0.000,0.000,0.000,0.000,31.59,68.304,23.922,0.000,0.000,0.000,0.000,31.39,71.499,29.437,0.000,0.000,0.000,0.000,29.73
00:17.268,33.1,6.949,0.000,0.000,0.000,0.000,18.49,0,0,0.000,0.000,0.000,0.000,.00,46.275,8.287,0.021,-0.037,2.221,2.221,26.88,53.263,11.626,0.000,0.000,0.000,0.000,29.43,59.862,16.095,0.000,0.000,0.000,0.000,30.95,64.925,20.378,0.000,0.000,0.000,0.000,31.55,68.302,23.925,0.000,0.000,0.000,0.000,31.38,71.496,29.414,0.000,0.000,0.000,0.000,29.74
00:17.368,33.115,6.978,0.000,0.000,0.000,0.000,18.49,0,0,0.000,0.000,0.000,0.000,.00,46.284,8.29,0.019,-0.035,2.221,2.221,26.86,53.268,11.623,0.000,0.000,0.000,0.000,29.44,59.864,16.132,0.000,0.000,0.000,0.000,30.95,64.897,20.351,0.000,0.000,0.000,0.000,31.50,68.321,23.952,0.000,0.000,0.000,0.000,31.38,71.535,29.372,0.000,0.000,0.000,0.000,29.76
00:17.467,33.093,6.981,0.000,0.000,0.000,0.000,18.48,0,0,0.000,0.000,0.000,0.000,.00,46.26,8.31,0.018,-0.034,2.221,2.221,26.87,53.264,11.644,0.000,0.000,0.000,0.000,29.45,59.877,16.175,0.000,0.000,0.000,0.000,30.92,64.835,20.333,0.000,0.000,0.000,0.000,31.50,68.32,23.953,0.000,0.000,0.000,0.000,31.37,71.621,29.395,0.000,0.000,0.000,0.000,29.81
00:17.568,33.048,6.997,0.000,0.000,0.000,0.000,18.46,0,0,0.000,0.000,0.000,0.000,.00,46.253,8.321,0.017,-0.032,2.221,2.221,26.83,53.267,11.637,0.000,0.000,0.000,0.000,29.43,59.888,16.211,0.000,0.000,0.000,0.000,30.90,64.788,20.285,0.000,0.000,0.000,0.000,31.47,68.327,23.95,0.000,0.000,0.000,0.000,31.37,71.619,29.375,0.000,0.000,0.000,0.000,29.86
00:17.667,32.962,6.945,0.000,0.000,0.000,0.000,18.42,0,0,0.000,0.000,0.000,0.000,.00,46.271,8.33,0.016,-0.031,2.221,2.221,26.82,53.25,11.606,0.000,0.000,0.000,0.000,29.44,59.888,16.228,0.000,0.000,0.000,0.000,30.88,64.745,20.22,0.000,0.000,0.000,0.000,31.47,68.323,23.967,0.000,0.000,0.000,0.000,31.38,71.616,29.322,0.000,0.000,0.000,0.000,29.87
00:17.769,32.968,6.91,0.000,0.000,0.000,0.000,18.40,0,0,0.000,0.000,0.000,0.000,.00,46.322,8.421,0.015,-0.030,2.221,2.221,26.83,53.252,11.572,0.000,0.000,0.000,0.000,29.45,59.889,16.22,0.000,0.000,0.000,0.000,30.87,64.71,20.164,0.000,0.000,0.000,0.000,31.48,68.336,23.964,0.000,0.000,0.000,0.000,31.36,71.625,29.262,0.000,0.000,0.000,0.000,29.91
00:17.867,32.901,6.888,0.000,0.000,0.000,0.000,18.43,0,0,0.000,0.000,0.000,0.000,.00,46.302,8.438,0.014,-0.028,2.221,2.221,26.80,53.261,11.554,0.000,0.000,0.000,0.000,29.47,59.885,16.192,0.000,0.000,0.000,0.000,30.88,64.656,20.123,0.000,0.000,0.000,0.000,31.50,68.337,23.957,0.000,0.000,0.000,0.000,31.38,71.642,29.226,0.000,0.000,0.000,0.000,29.96
00:17.968,32.835,6.856,0.000,0.000,0.000,0.000,18.39,0,0,0.000,0.000,0.000,0.000,.00,46.309,8.428,0.013,-0.027,2.221,2.221,26.77,53.253,11.52,0.000,0.000,0.000,0.000,29.49,59.866,16.12,0.000,0.000,0.000,0.000,30.90,64.613,20.089,0.000,0.000,0.000,0.000,31.49,68.319,23.967,0.000,0.000,0.000,0.000,31.38,71.628,29.183,0.000,0.000,0.000,0.000,29.99
00:18.068,32.773,6.814,0.000,0.000,0.000,0.000,18.37,0,0,0.000,0.000,0.000,0.000,.00,46.262,8.444,0.012,-0.025,2.221,2.221,26.79,53.252,11.536,0.000,0.000,0.000,0.000,29.51,59.847,16.065,0.000,0.000,0.000,0.000,30.93,64.559,20.051,0.000,0.000,0.000,0.000,31.48,68.302,23.964,0.000,0.000,0.000,0.000,31.36,71.658,29.158,0.000,0.000,0.000,0.000,30.01
00:18.168,32.649,6.773,0.000,0.000,0.000,0.000,18.36,0,0,0.000,0.000,0.000,0.000,.00,46.222,8.439,0.011,-0.024,2.221,2.221,26.74,53.24,11.513,0.000,0.000,0.000,0.000,29.50,59.846,16.02,0.000,0.000,0.000,0.000,30.96,64.513,20.014,0.000,0.000,0.000,0.000,31.47,68.304,23.966,0.000,0.000,0.000,0.000,31.35,71.625,29.127,0.000,0.000,0.000,0.000,30.05
00:18.267,32.555,6.742,0.000,0.000,0.000,0.000,18.30,0,0,0.000,0.000,0.000,0.000,.00,46.177,8.343,0.010,-0.023,2.221,2.221,26.72,53.23,11.513,0.000,0.000,0.000,0.000,29.51,59.861,16.018,0.000,0.000,0.000,0.000,30.99,64.478,19.969,0.000,0.000,0.000,0.000,31.47,68.292,23.962,0.000,0.000,0.000,0.000,31.35,71.62,29.144,0.000,0.000,0.000,0.000,30.05
00:18.368,32.508,6.682,0.000,0.000,0.000,0.000,18.25,0,0,0.000,0.000,0.000,0.000,.00,46.201,8.364,0.010,-0.022,2.221,2.221,26.75,53.213,11.49,0.000,0.000,0.000,0.000,29.50,59.856,16,0.000,0.000,0.000,0.000,31.00,64.433,19.938,0.000,0.000,0.000,0.000,31.47,68.278,23.923,0.000,0.000,0.000,0.000,31.35,71.581,29.128,0.000,0.000,0.000,0.000,30.04
00:18.468,32.479,6.662,0.000,0.000,0.000,0.000,18.26,0,0,0.000,0.000,0.000,0.000,.00,46.276,8.408,0.009,-0.021,2.221,2.221,26.75,53.215,11.486,0.000,0.000,0.000,0.000,29.50,59.852,15.983,0.000,0.000,0.000,0.000,31.01,64.432,19.879,0.000,0.000,0.000,0.000,31.46,68.282,23.903,0.000,0.000,0.000,0.000,31.36,71.474,29.051,0.000,0.000,0.000,0.000,30.02
00:18.567,32.439,6.63,0.000,0.000,0.000,0.000,18.26,0,0,0.000,0.000,0.000,0.000,.00,46.354,8.381,0.008,-0.020,2.221,2.221,26.78,53.216,11.479,0.000,0.000,0.000,0.000,29.51,59.868,15.985,0.000,0.000,0.000,0.000,31.02,64.415,19.815,0.000,0.000,0.000,0.000,31.50,68.278,23.896,0.000,0.000,0.000,0.000,31.38,71.501,29.029,0.000,0.000,0.000,0.000,30.00
00:18.667,32.428,6.624,0.000,0.000,0.000,0.000,18.25,0,0,0.000,0.000,0.000,0.000,.00,46.364,8.432,0.008,-0.019,2.221,2.221,26.85,53.234,11.509,0.000,0.000,0.000,0.000,29.51,59.863,15.976,0.000,0.000,0.000,0.000,31.03,64.409,19.729,0.000,0.000,0.000,0.000,31.54,68.279,23.875,0.000,0.000,0.000,0.000,31.38,71.504,29.09,0.000,0.000,0.000,0.000,30.03
00:18.769,32.378,6.639,0.000,0.000,0.000,0.000,18.25,0,0,0.000,0.000,0.000,0.000,.00,46.438,8.481,0.007,-0.018,2.221,2.221,26.82,53.236,11.548,0.000,0.000,0.000,0.000,29.50,59.84,15.971,0.000,0.000,0.000,0.000,31.03,64.399,19.667,0.000,0.000,0.000,0.000,31.59,68.262,23.894,0.000,0.000,0.000,0.000,31.40,71.5,29.126,0.000,0.000,0.000,0.000,29.99
00:18.867,32.347,6.664,0.000,0.000,0.000,0.000,18.20,0,0,0.000,0.000,0.000,0.000,.00,46.498,8.465,0.007,-0.017,2.221,2.221,26.84,53.228,11.563,0.000,0.000,0.000,0.000,29.48,59.823,15.977,0.000,0.000,0.000,0.000,31.02,64.424,19.636,0.000,0.000,0.000,0.000,31.63,68.267,23.921,0.000,0.000,0.000,0.000,31.37,71.467,29.134,0.000,0.000,0.000,0.000,29.96
00:18.968,32.317,6.696,0.000,0.000,0.000,0.000,18.16,0,0,0.000,0.000,0.000,0.000,.00,46.527,8.463,0.006,-0.016,2.221,2.221,26.89,53.229,11.584,0.000,0.000,0.000,0.000,29.46,59.822,16.012,0.000,0.000,0.000,0.000,31.00,64.421,19.601,0.000,0.000,0.000,0.000,31.67,68.272,23.932,0.000,0.000,0.000,0.000,31.36,71.545,29.19,0.000,0.000,0.000,0.000,29.93
00:19.068,32.33,6.719,0.000,0.000,0.000,0.000,18.12,0,0,0.000,0.000,0.000,0.000,.00,46.558,8.458,0.006,-0.015,2.221,2.221,26.92,53.24,11.579,0.000,0.000,0.000,0.000,29.45,59.831,16.02,0.000,0.000,0.000,0.000,30.98,64.449,19.551,0.000,0.000,0.000,0.000,31.69,68.275,23.949,0.000,0.000,0.000,0.000,31.35,71.544,29.179,0.000,0.000,0.000,0.000,29.95
00:19.168,32.359,6.753,0.000,0.000,0.000,0.000,18.11,0,0,0.000,0.000,0.000,0.000,.00,46.582,8.443,0.005,-0.015,2.221,2.221,26.94,53.239,11.585,0.000,0.000,0.000,0.000,29.46,59.821,16.054,0.000,0.000,0.000,0.000,30.98,64.439,19.53,0.000,0.000,0.000,0.000,31.75,68.27,23.948,0.000,0.000,0.000,0.000,31.34,71.61,29.215,0.000,0.000,0.000,0.000,29.96
00:19.269,32.396,6.75,0.000,0.000,0.000,0.000,18.11,0,0,0.000,0.000,0.000,0.000,.00,46.562,8.449,0.005,-0.014,2.221,2.221,26.97,53.247,11.587,0.000,0.000,0.000,0.000,29.45,59.835,16.073,0.000,0.000,0.000,0.000,30.95,64.431,19.49,0.000,0.000,0.000,0.000,31.76,68.271,23.933,0.000,0.000,0.000,0.000,31.34,71.637,29.187,0.000,0.000,0.000,0.000,29.98
00:19.368,32.372,6.759,0.000,0.000,0.000,0.000,18.13,0,0,0.000,0.000,0.000,0.000,.00,46.561,8.409,0.004,-0.013,2.221,2.221,26.95,53.264,11.593,0.000,0.000,0.000,0.000,29.46,59.854,16.071,0.000,0.000,0.000,0.000,30.94,64.431,19.439,0.000,0.000,0.000,0.000,31.78,68.273,23.951,0.000,0.000,0.000,0.000,31.35,71.692,29.196,0.000,0.000,0.000,0.000,30.02
00:19.468,32.322,6.765,0.000,0.000,0.000,0.000,18.11,0,0,0.000,0.000,0.000,0.000,.00,46.525,8.381,0.004,-0.012,2.221,2.221,26.98,53.268,11.601,0.000,0.000,0.000,0.000,29.47,59.866,16.059,0.000,0.000,0.000,0.000,30.96,64.44,19.421,0.000,0.000,0.000,0.000,31.81,68.271,23.962,0.000,0.000,0.000,0.000,31.34,71.728,29.221,0.000,0.000,0.000,0.000,30.05
00:19.568,32.287,6.779,0.000,0.000,0.000,0.000,18.07,0,0,0.000,0.000,0.000,0.000,.00,46.429,8.405,0.004,-0.012,2.221,2.221,26.97,53.251,11.615,0.000,0.000,0.000,0.000,29.46,59.853,16.068,0.000,0.000,0.000,0.000,30.98,64.468,19.46,0.000,0.000,0.000,0.000,31.83,68.27,23.958,0.000,0.000,0.000,0.000,31.33,71.746,29.25,0.000,0.000,0.000,0.000,30.06
00:19.667,32.273,6.796,0.000,0.000,0.000,0.000,18.04,0,0,0.000,0.000,0.000,0.000,.00,46.427,8.383,0.004,-0.011,2.221,2.221,26.89,53.245,11.582,0.000,0.000,0.000,0.000,29.44,59.865,16.055,0.000,0.000,0.000,0.000,30.96,64.482,19.5,0.000,0.000,0.000,0.000,31.83,68.263,23.946,0.000,0.000,0.000,0.000,31.33,71.748,29.209,0.000,0.000,0.000,0.000,30.05
00:19.767,32.241,6.808,0.000,0.000,0.000,0.000,18.01,0,0,0.000,0.000,0.000,0.000,.00,46.372,8.361,0.003,-0.010,2.221,2.221,26.90,53.237,11.553,0.000,0.000,0.000,0.000,29.46,59.874,16.059,0.000,0.000,0.000,0.000,30.98,64.496,19.561,0.000,0.000,0.000,0.000,31.81,68.277,23.912,0.000,0.000,0.000,0.000,31.34,71.783,29.241,0.000,0.000,0.000,0.000,30.08
00:19.868,32.253,6.81,0.000,0.000,0.000,0.000,17.98,0,0,0.000,0.000,0.000,0.000,.00,46.298,8.397,0.003,-0.010,2.221,2.221,26.88,53.24,11.558,0.000,0.000,0.000,0.000,29.48,59.891,16.052,0.000,0.000,0.000,0.000,30.98,64.505,19.597,0.000,0.000,0.000,0.000,31.77,68.262,23.889,0.000,0.000,0.000,0.000,31.37,71.796,29.285,0.000,0.000,0.000,0.000,30.08
00:19.968,32.264,6.752,0.000,0.000,0.000,0.000,17.99,0,0,0.000,0.000,0.000,0.000,.00,46.268,8.407,0.003,-0.009,2.221,2.221,26.80,53.25,11.556,0.000,0.000,0.000,0.000,29.47,59.904,16.037,0.000,0.000,0.000,0.000,31.00,64.543,19.628,0.000,0.000,0.000,0.000,31.75,68.26,23.854,0.000,0.000,0.000,0.000,31.38,71.674,29.292,0.000,0.000,0.000,0.000,30.06
00:20.068,32.266,6.738,0.000,0.000,0.000,0.000,18.04,0,0,0.000,0.000,0.000,0.000,.00,46.259,8.397,0.003,-0.009,2.221,2.221,26.77,53.249,11.543,0.000,0.000,0.000,0.000,29.48,59.896,16.053,0.000,0.000,0.000,0.000,31.02,64.498,19.649,0.000,0.000,0.000,0.000,31.76,68.263,23.866,0.000,0.000,0.000,0.000,31.40,71.609,29.341,0.000,0.000,0.000,0.000,29.97
00:20.167,32.224,6.739,0.000,0.000,0.000,0.000,18.05,0,0,0.000,0.000,0.000,0.000,.00,44.932,7.264,0.003,-0.008,2.221,2.221,26.77,53.253,11.56,0.000,0.000,0.000,0.000,29.49,59.9,16.026,0.000,0.000,0.000,0.000,31.00,64.467,19.662,0.000,0.000,0.000,0.000,31.71,68.265,23.901,0.000,0.000,0.000,0.000,31.39,71.518,29.348,0.000,0.000,0.000,0.000,29.89
00:20.268,32.212,6.744,0.000,0.000,0.000,0.000,18.02,0,0,0.000,0.000,0.000,0.000,.00,44.563,6.927,0.002,-0.008,2.221,2.221,26.64,53.269,11.568,0.000,0.000,0.000,0.000,29.48,59.87,15.986,0.000,0.000,0.000,0.000,31.02,64.494,19.644,0.000,0.000,0.000,0.000,31.68,68.278,23.934,0.000,0.000,0.000,0.000,31.37,71.461,29.355,0.000,0.000,0.000,0.000,29.82
00:20.368,32.18,6.764,0.000,0.000,0.000,0.000,18.01,0,0,0.000,0.000,0.000,0.000,.00,43.935,6.475,0.002,-0.007,2.221,2.221,26.61,53.245,11.58,0.000,0.000,0.000,0.000,29.49,59.835,16.004,0.000,0.000,0.000,0.000,31.03,64.489,19.634,0.000,0.000,0.000,0.000,31.71,68.266,23.97,0.000,0.000,0.000,0.000,31.36,71.383,29.382,0.000,0.000,0.000,0.000,29.77
00:20.468,32.188,6.788,0.000,0.000,0.000,0.000,17.97,0,0,0.000,0.000,0.000,0.000,.00,41.64,4.362,0.002,-0.006,2.221,2.221,26.49,53.241,11.562,0.000,0.000,0.000,0.000,29.46,59.828,16.012,0.000,0.000,0.000,0.000,30.99,64.464,19.608,0.000,0.000,0.000,0.000,31.72,68.241,24.053,0.000,0.000,0.000,0.000,31.32,71.389,29.353,0.000,0.000,0.000,0.000,29.70
00:20.568,32.224,6.791,0.000,0.000,0.000,0.000,17.96,0,0,0.000,0.000,0.000,0.000,.00,39.966,2.716,0.002,-0.006,2.221,2.221,26.36,53.21,11.524,0.000,0.000,0.000,0.000,29.47,59.826,15.981,0.000,0.000,0.000,0.000,30.98,64.461,19.582,0.000,0.000,0.000,0.000,31.72,68.225,24.133,0.000,0.000,0.000,0.000,31.25,71.38,29.326,0.000,0.000,0.000,0.000,29.72
00:20.668,32.26,6.787,0.000,0.000,0.000,0.000,17.98,0,0,0.000,0.000,0.000,0.000,.00,36.479,-0.124,0.002,-0.006,2.221,2.221,26.34,53.212,11.533,0.000,0.000,0.000,0.000,29.48,59.81,16.021,0.000,0.000,0.000,0.000,31.00,64.48,19.588,0.000,0.000,0.000,0.000,31.73,68.214,24.209,0.000,0.000,0.000,0.000,31.18,71.371,29.327,0.000,0.000,0.000,0.000,29.74
00:20.768,32.296,6.768,0.000,0.000,0.000,0.000,18.01,0,0,0.000,0.000,0.000,0.000,.00,33.356,-2.976,0.001,-0.005,2.221,2.221,25.88,53.213,11.531,0.000,0.000,0.000,0.000,29.47,59.809,16.022,0.000,0.000,0.000,0.000,30.96,64.487,19.567,0.000,0.000,0.000,0.000,31.74,68.188,24.293,0.000,0.000,0.000,0.000,31.12,71.315,29.289,0.000,0.000,0.000,0.000,29.73
00:20.868,32.32,6.725,0.000,0.000,0.000,0.000,18.05,0,0,0.000,0.000,0.000,0.000,.00,29.195,-7.219,0.001,-0.005,2.221,2.221,25.69,53.219,11.504,0.000,0.000,0.000,0.000,29.47,59.799,16.005,0.000,0.000,0.000,0.000,30.96,64.481,19.6,0.000,0.000,0.000,0.000,31.76,68.192,24.366,0.000,0.000,0.000,0.000,31.04,71.308,29.246,0.000,0.000,0.000,0.000,29.72
00:20.968,32.317,6.738,0.000,0.000,0.000,0.000,18.10,0,0,0.000,0.000,0.000,0.000,.00,27.06,-9.212,0.001,-0.004,2.221,2.221,25.75,53.209,11.505,0.000,0.000,0.000,0.000,29.50,59.788,16.002,0.000,0.000,0.000,0.000,30.97,64.428,19.634,0.000,0.000,0.000,0.000,31.74,68.2,24.425,0.000,0.000,0.000,0.000,30.99,71.374,29.221,0.000,0.000,0.000,0.000,29.74
00:21.068,32.269,6.734,0.000,0.000,0.000,0.000,18.09,0,0,0.000,0.000,0.000,0.000,.00,31.896,-4.881,0.001,-0.004,2.221,2.221,25.65,53.22,11.543,0.000,0.000,0.000,0.000,29.49,59.79,15.986,0.000,0.000,0.000,0.000,30.96,64.457,19.663,0.000,0.000,0.000,0.000,31.67,68.196,24.455,0.000,0.000,0.000,0.000,30.95,71.382,29.229,0.000,0.000,0.000,0.000,29.81
00:21.168,32.233,6.696,0.000,0.000,0.000,0.000,18.06,0,0,0.000,0.000,0.000,0.000,.00,36.615,-0.831,0.001,-0.004,2.221,2.221,26.01,53.221,11.514,0.000,0.000,0.000,0.000,29.47,59.803,15.964,0.000,0.000,0.000,0.000,30.97,64.509,19.627,0.000,0.000,0.000,0.000,31.67,68.206,24.451,0.000,0.000,0.000,0.000,30.93,71.437,29.228,0.000,0.000,0.000,0.000,29.81
00:21.267,32.182,6.676,0.000,0.000,0.000,0.000,18.06,0,0,0.000,0.000,0.000,0.000,.00,36.756,-0.792,0.001,-0.004,2.221,2.221,26.48,53.215,11.503,0.000,0.000,0.000,0.000,29.49,59.839,15.967,0.000,0.000,0.000,0.000,31.00,64.503,19.648,0.000,0.000,0.000,0.000,31.74,68.203,24.44,0.000,0.000,0.000,0.000,30.94,71.499,29.236,0.000,0.000,0.000,0.000,29.85
00:21.368,32.186,6.663,0.000,0.000,0.000,0.000,18.04,0,0,0.000,0.000,0.000,0.000,.00,37.529,-0.157,0.000,-0.003,2.221,2.221,26.55,53.239,11.508,0.000,0.000,0.000,0.000,29.49,59.881,15.927,0.000,0.000,0.000,0.000,31.02,64.512,19.638,0.000,0.000,0.000,0.000,31.72,68.212,24.436,0.000,0.000,0.000,0.000,30.95,71.567,29.191,0.000,0.000,0.000,0.000,29.88
00:21.468,32.198,6.627,0.000,0.000,0.000,0.000,18.05,0,0,0.000,0.000,0.000,0.000,.00,37.55,-0.214,0.000,-0.003,2.221,2.221,26.65,53.242,11.516,0.000,0.000,0.000,0.000,29.51,59.887,15.908,0.000,0.000,0.000,0.000,31.08,64.532,19.646,0.000,0.000,0.000,0.000,31.73,68.236,24.4,0.000,0.000,0.000,0.000,30.95,71.569,29.216,0.000,0.000,0.000,0.000,29.96
00:21.568,32.139,6.529,0.000,0.000,0.000,0.000,18.08,0,0,0.000,0.000,0.000,0.000,.00,37.538,-0.217,0.000,-0.003,2.221,2.221,26.70,53.291,11.543,0.000,0.000,0.000,0.000,29.50,59.901,15.88,0.000,0.000,0.000,0.000,31.10,64.551,19.621,0.000,0.000,0.000,0.000,31.74,68.267,24.341,0.000,0.000,0.000,0.000,31.00,71.586,29.218,0.000,0.000,0.000,0.000,29.95
00:21.668,32.083,6.487,0.000,0.000,0.000,0.000,18.11,0,0,0.000,0.000,0.000,0.000,.00,37.521,-0.213,0.000,-0.003,2.221,2.221,26.70,53.299,11.562,0.000,0.000,0.000,0.000,29.52,59.907,15.837,0.000,0.000,0.000,0.000,31.13,64.534,19.637,0.000,0.000,0.000,0.000,31.77,68.272,24.319,0.000,0.000,0.000,0.000,31.06,71.567,29.194,0.000,0.000,0.000,0.000,29.96
00:21.768,32.103,6.477,0.000,0.000,0.000,0.000,18.10,0,0,0.000,0.000,0.000,0.000,.00,37.55,-0.184,0.000,-0.003,2.221,2.221,26.68,53.301,11.577,0.000,0.000,0.000,0.000,29.51,59.908,15.809,0.000,0.000,0.000,0.000,31.16,64.522,19.655,0.000,0.000,0.000,0.000,31.75,68.287,24.324,0.000,0.000,0.000,0.000,31.08,71.599,29.114,0.000,0.000,0.000,0.000,29.96
00:21.868,32.078,6.449,0.000,0.000,0.000,0.000,18.12,0,0,0.000,0.000,0.000,0.000,.00,37.499,-0.151,0.000,-0.002,2.221,2.221,26.68,53.298,11.589,0.000,0.000,0.000,0.000,29.50,59.909,15.828,0.000,0.000,0.000,0.000,31.18,64.529,19.642,0.000,0.000,0.000,0.000,31.73,68.289,24.306,0.000,0.000,0.000,0.000,31.09,71.61,29.115,0.000,0.000,0.000,0.000,30.04
00:21.968,32.051,6.367,0.000,0.000,0.000,0.000,18.12,0,0,0.000,0.000,0.000,0.000,.00,37.424,-0.103,0.000,-0.002,2.221,2.221,26.62,53.316,11.593,0.000,0.000,0.000,0.000,29.49,59.925,15.824,0.000,0.000,0.000,0.000,31.17,64.585,19.613,0.000,0.000,0.000,0.000,31.74,68.275,24.318,0.000,0.000,0.000,0.000,31.10,71.604,29.048,0.000,0.000,0.000,0.000,30.05
00:22.068,32.071,6.294,0.000,0.000,0.000,0.000,18.16,0,0,0.000,0.000,0.000,0.000,.00,37.382,-0.147,0.000,-0.002,2.221,2.221,26.54,53.29,11.541,0.000,0.000,0.000,0.000,29.50,59.928,15.836,0.000,0.000,0.000,0.000,31.18,64.593,19.613,0.000,0.000,0.000,0.000,31.80,68.268,24.351,0.000,0.000,0.000,0.000,31.08,71.64,28.961,0.000,0.000,0.000,0.000,30.09
00:22.167,32.097,6.333,0.000,0.000,0.000,0.000,18.23,0,0,0.000,0.000,0.000,0.000,.00,37.348,-0.093,0.000,-0.002,2.221,2.221,26.54,53.286,11.537,0.000,0.000,0.000,0.000,29.52,59.916,15.861,0.000,0.000,0.000,0.000,31.18,64.552,19.625,0.000,0.000,0.000,0.000,31.81,68.24,24.418,0.000,0.000,0.000,0.000,31.05,71.639,28.912,0.000,0.000,0.000,0.000,30.18
00:22.268,32.143,6.349,0.000,0.000,0.000,0.000,18.22,0,0,0.000,0.000,0.000,0.000,.00,37.336,-0.045,0.000,-0.002,2.221,2.221,26.47,53.288,11.527,0.000,0.000,0.000,0.000,29.52,59.892,15.866,0.000,0.000,0.000,0.000,31.15,64.538,19.611,0.000,0.000,0.000,0.000,31.77,68.198,24.474,0.000,0.000,0.000,0.000,30.99,71.606,28.931,0.000,0.000,0.000,0.000,30.21
00:22.368,32.161,6.345,0.000,0.000,0.000,0.000,18.24,0,0,0.000,0.000,0.000,0.000,.00,36.979,0.533,0.000,-0.002,2.221,2.221,26.43,53.274,11.499,0.000,0.000,0.000,0.000,29.53,59.865,15.881,0.000,0.000,0.000,0.000,31.13,64.535,19.626,0.000,0.000,0.000,0.000,31.77,68.175,24.511,0.000,0.000,0.000,0.000,30.92,71.562,28.914,0.000,0.000,0.000,0.000,30.18
