,ID 50,ID 50,ID 50,ID 50,ID 50,ID 50,ID 50,ID 53,ID 53,ID 53,ID 53,ID 53,ID 53,ID 53,ID 48,ID 48,ID 48,ID 48,ID 48,ID 48,ID 48,ID 52,ID 52,ID 52,ID 52,ID 52,ID 52,ID 52,ID 49,ID 49,ID 49,ID 49,ID 49,ID 49,ID 49,ID 47,ID 47,ID 47,ID 47,ID 47,ID 47,ID 47,ID 46,ID 46,ID 46,ID 46,ID 46,ID 46,ID 46,ID 55,ID 55,ID 55,ID 55,ID 55,ID 55,ID 55,ID 54,ID 54,ID 54,ID 54,ID 54,ID 54,ID 54,ID 51,ID 51,ID 51,ID 51,ID 51,ID 51,ID 51,ID 44,ID 44,ID 44,ID 44,ID 44,ID 44,ID 44,ID 45,ID 45,ID 45,ID 45,ID 45,ID 45,ID 45
,IANNILLI,IANNILLI,IANNILLI,IANNILLI,IANNILLI,IANNILLI,IANNILLI,BERNARDINI,BERNARDINI,BERNARDINI,BERNARDINI,BERNARDINI,BERNARDINI,BERNARDINI,MAGNANELLI,MAGNANELLI,MAGNANELLI,MAGNANELLI,MAGNANELLI,MAGNANELLI,MAGNANELLI,PONTANI,PONTANI,PONTANI,PONTANI,PONTANI,PONTANI,PONTANI,DEL PRETE,DEL PRETE,DEL PRETE,DEL PRETE,DEL PRETE,DEL PRETE,DEL PRETE,EL USSEIN,EL USSEIN,EL USSEIN,EL USSEIN,EL USSEIN,EL USSEIN,EL USSEIN,MAUGINI,MAUGINI,MAUGINI,MAUGINI,MAUGINI,MAUGINI,MAUGINI,TOFI,TOFI,TOFI,TOFI,TOFI,TOFI,TOFI,BIAGINI,BIAGINI,BIAGINI,BIAGINI,BIAGINI,BIAGINI,BIAGINI,SALLEY,SALLEY,SALLEY,SALLEY,SALLEY,SALLEY,SALLEY,CANEPUCCIA,CANEPUCCIA,CANEPUCCIA,CANEPUCCIA,CANEPUCCIA,CANEPUCCIA,CANEPUCCIA,MELONI,MELONI,MELONI,MELONI,MELONI,MELONI,MELONI
Time,X,Y,Speed,Accel,Distance,PathDist,ToRail,X,Y,Speed,Accel,Distance,PathDist,ToRail,X,Y,Speed,Accel,Distance,PathDist,ToRail,X,Y,Speed,Accel,Distance,PathDist,ToRail,X,Y,Speed,Accel,Distance,PathDist,ToRail,X,Y,Speed,Accel,Distance,PathDist,ToRail,X,Y,Speed,Accel,Distance,PathDist,ToRail,X,Y,Speed,Accel,Distance,PathDist,ToRail,X,Y,Speed,Accel,Distance,PathDist,ToRail,X,Y,Speed,Accel,Distance,PathDist,ToRail,X,Y,Speed,Accel,Distance,PathDist,ToRail,X,Y,Speed,Accel,Distance,PathDist,ToRail
00:00.000,42.97,79.472,0.000,0.000,1.067,1.067,.00,42.904,80.948,0.000,0.000,1.067,1.067,.00,42.864,81.929,0.000,0.000,1.167,1.167,.00,42.862,82.882,0.000,0.000,1.246,1.246,.00,42.847,83.965,0.000,0.000,1.246,1.246,.00,42.751,84.764,0.000,0.000,1.246,1.246,.00,42.928,85.491,0.000,0.000,1.246,1.246,.00,42.671,85.998,0.000,0.000,1.246,1.246,.00,0,0,0.000,0.000,1.067,1.067,.00,42.823,86.829,0.000,0.000,1.246,1.246,.00,42.972,87.799,0.000,0.000,1.246,1.246,.00,42.602,88.662,0.000,0.000,1.253,1.253,.00
00:00.000,42.97,79.472,0.000,0.000,1.067,1.067,.00,42.904,80.948,0.000,0.000,1.067,1.067,.00,42.864,81.929,0.000,0.000,1.167,1.167,.00,42.862,82.882,0.000,0.000,1.246,1.246,.00,42.847,83.965,0.000,0.000,1.246,1.246,.00,42.751,84.764,0.000,0.000,1.246,1.246,.00,42.928,85.491,0.000,0.000,1.246,1.246,.00,42.671,85.998,0.000,0.000,1.246,1.246,.00,0,0,0.000,0.000,1.067,1.067,.00,42.823,86.829,0.000,0.000,1.246,1.246,.00,42.972,87.799,0.000,0.000,1.246,1.246,.00,42.602,88.662,0.000,0.000,1.253,1.253,.00
00:00.187,42.958,79.481,0.000,0.000,1.639,1.639,25.81,42.921,80.932,0.000,0.000,1.639,1.639,26.90,42.922,81.938,0.000,0.000,1.639,1.639,27.62,42.845,82.896,0.000,0.000,1.639,1.639,28.30,42.81,83.951,0.000,0.000,1.913,1.913,29.07,42.781,84.716,0.000,0.000,1.913,1.913,29.71,42.916,85.501,0.000,0.000,1.913,1.913,30.10,42.682,86.004,0.000,0.000,1.913,1.913,30.64,0,0,0.000,0.000,1.639,1.639,.00,42.824,86.86,0.000,0.000,1.913,1.913,31.12,42.981,87.785,0.000,0.000,1.913,1.913,31.70,42.629,88.686,0.000,0.000,1.913,1.913,32.57
00:00.287,42.92,79.483,0.000,0.000,1.639,2.210,25.83,42.893,80.921,0.000,0.000,1.639,2.210,26.88,43.009,81.942,0.000,0.000,1.639,2.210,27.59,42.851,82.885,0.000,0.000,1.639,2.210,28.32,42.812,83.939,0.000,0.000,1.913,2.210,29.09,42.802,84.637,0.000,0.000,1.913,2.210,29.65,42.913,85.494,0.000,0.000,1.913,2.216,30.11,42.691,85.999,0.000,0.000,1.913,2.528,30.63,0,0,0.000,0.000,1.639,2.216,.00,42.813,86.858,0.000,0.000,1.913,2.586,31.14,42.979,87.791,0.000,0.000,1.913,2.586,31.68,42.632,88.697,0.000,0.000,1.913,2.586,32.57
00:00.287,42.92,79.483,0.000,0.000,1.639,2.210,25.83,42.893,80.921,0.000,0.000,1.639,2.210,26.88,43.009,81.942,0.000,0.000,1.639,2.210,27.59,42.851,82.885,0.000,0.000,1.639,2.210,28.32,42.812,83.939,0.000,0.000,1.913,2.210,29.09,42.802,84.637,0.000,0.000,1.913,2.210,29.65,42.913,85.494,0.000,0.000,1.913,2.216,30.11,42.691,85.999,0.000,0.000,1.913,2.528,30.63,0,0,0.000,0.000,1.639,2.216,.00,42.813,86.858,0.000,0.000,1.913,2.586,31.14,42.979,87.791,0.000,0.000,1.913,2.586,31.68,42.632,88.697,0.000,0.000,1.913,2.586,32.57
00:00.287,42.92,79.483,0.000,0.000,1.639,2.210,25.83,42.893,80.921,0.000,0.000,1.639,2.210,26.88,43.009,81.942,0.000,0.000,1.639,2.210,27.59,42.851,82.885,0.000,0.000,1.639,2.210,28.32,42.812,83.939,0.000,0.000,1.913,2.210,29.09,42.802,84.637,0.000,0.000,1.913,2.210,29.65,42.913,85.494,0.000,0.000,1.913,2.216,30.11,42.691,85.999,0.000,0.000,1.913,2.528,30.63,0,0,0.000,0.000,1.639,2.216,.00,42.813,86.858,0.000,0.000,1.913,2.586,31.14,42.979,87.791,0.000,0.000,1.913,2.586,31.68,42.632,88.697,0.000,0.000,1.913,2.586,32.57
00:00.388,42.878,79.484,0.000,0.000,1.639,2.782,25.85,42.852,80.874,0.000,0.000,1.639,2.782,26.89,43.028,82.004,0.000,0.000,1.639,2.782,27.53,42.797,82.869,0.000,0.000,1.639,2.782,28.31,42.779,83.917,0.000,0.000,1.913,2.782,29.08,42.756,84.626,0.000,0.000,1.913,2.782,29.58,42.865,85.498,0.000,0.000,1.913,2.782,30.11,42.67,86.036,0.000,0.000,1.913,2.782,30.62,0,0,0.000,0.000,1.639,2.782,.00,42.779,86.82,0.000,0.000,1.913,2.788,31.14,42.944,87.822,0.000,0.000,1.913,2.902,31.69,42.599,88.762,0.000,0.000,1.913,3.253,32.57
00:00.488,42.771,79.482,0.250,0.000,1.639,3.353,25.88,42.734,80.9,0.250,0.000,1.639,3.353,26.89,43.026,82.079,0.250,0.000,1.639,3.353,27.56,42.707,82.858,0.250,0.000,1.639,3.353,28.34,42.715,83.915,0.250,0.000,1.913,3.353,29.09,42.695,84.604,0.250,0.000,1.913,3.353,29.61,42.766,85.447,0.250,0.000,1.913,3.353,30.15,42.619,86.08,0.250,0.000,1.913,3.353,30.66,0,0,0.250,0.000,1.639,3.353,.00,42.69,86.844,0.250,0.000,1.913,3.359,31.14,42.816,87.845,0.250,0.000,1.913,3.359,31.73,42.543,88.818,0.250,0.000,1.913,3.616,32.64
00:00.488,42.771,79.482,0.667,0.000,1.639,3.353,25.88,42.734,80.9,0.667,0.000,1.639,3.353,26.89,43.026,82.079,0.667,0.000,1.639,3.353,27.56,42.707,82.858,0.667,0.000,1.639,3.353,28.34,42.715,83.915,0.667,0.000,1.913,3.353,29.09,42.695,84.604,0.667,0.000,1.913,3.353,29.61,42.766,85.447,0.667,0.000,1.913,3.353,30.15,42.619,86.08,0.667,0.000,1.913,3.353,30.66,0,0,0.667,0.000,1.639,3.353,.00,42.69,86.844,0.667,0.000,1.913,3.359,31.14,42.816,87.845,0.667,0.000,1.913,3.359,31.73,42.543,88.818,0.667,0.000,1.913,3.616,32.64
00:00.488,42.771,79.482,1.172,0.000,1.639,3.353,25.88,42.734,80.9,1.172,0.000,1.639,3.353,26.89,43.026,82.079,1.172,0.000,1.639,3.353,27.56,42.707,82.858,1.172,0.000,1.639,3.353,28.34,42.715,83.915,1.172,0.000,1.913,3.353,29.09,42.695,84.604,1.172,0.000,1.913,3.353,29.61,42.766,85.447,1.172,0.000,1.913,3.353,30.15,42.619,86.08,1.108,0.000,1.913,3.353,30.66,0,0,1.172,0.000,1.639,3.353,.00,42.69,86.844,1.098,0.000,1.913,3.359,31.14,42.816,87.845,1.098,0.000,1.913,3.359,31.73,42.543,88.818,1.098,0.000,1.913,3.616,32.64
00:00.588,42.631,79.525,1.585,0.000,1.639,3.925,25.96,42.561,80.952,1.585,0.000,1.639,3.925,26.99,42.91,82.16,1.585,0.000,1.639,3.925,27.61,42.554,82.88,1.585,0.000,1.639,3.925,28.39,42.604,83.898,1.585,0.000,1.913,3.925,29.13,42.664,84.545,1.585,0.000,1.913,3.925,29.63,42.643,85.431,1.585,0.000,1.913,3.925,30.18,42.462,86.144,1.469,0.000,1.913,3.925,30.73,0,0,1.585,0.000,1.639,3.925,.00,42.522,86.898,1.451,0.000,1.913,3.925,31.22,42.683,87.841,1.451,0.000,1.913,3.925,31.84,42.446,88.852,1.451,0.000,1.913,3.925,32.72
00:00.687,42.495,79.575,1.929,0.000,1.639,4.496,26.09,42.339,81.016,1.929,0.000,1.639,4.496,27.15,42.785,82.233,1.929,0.000,1.639,4.496,27.75,42.355,82.931,1.929,0.000,1.639,4.496,28.51,42.436,83.876,1.929,0.000,1.913,4.496,29.20,42.526,84.537,1.929,0.000,1.913,4.496,29.61,42.479,85.39,1.929,0.000,1.913,4.496,30.26,42.286,86.162,1.770,0.000,1.913,4.496,30.89,0,0,1.929,0.000,1.639,4.496,.00,42.328,86.995,1.745,0.000,1.913,4.502,31.38,42.471,87.878,1.745,0.000,1.913,4.502,31.93,42.293,88.848,1.745,0.000,1.913,4.502,32.81
00:00.687,42.495,79.575,2.220,0.000,1.639,4.496,26.09,42.339,81.016,2.220,0.000,1.639,4.496,27.15,42.785,82.233,2.220,0.000,1.639,4.496,27.75,42.355,82.931,2.220,0.000,1.639,4.496,28.51,42.436,83.876,2.220,0.000,1.913,4.496,29.20,42.526,84.537,2.220,0.000,1.913,4.496,29.61,42.479,85.39,2.220,0.000,1.913,4.496,30.26,42.286,86.162,2.037,0.024,1.913,4.496,30.89,0,0,2.220,0.000,1.639,4.496,.00,42.328,86.995,2.007,0.028,1.913,4.502,31.38,42.471,87.878,2.007,0.028,1.913,4.502,31.93,42.293,88.848,2.007,0.028,1.913,4.502,32.81
00:00.687,42.495,79.575,2.470,0.000,1.639,4.496,26.09,42.339,81.016,2.470,0.000,1.639,4.496,27.15,42.785,82.233,2.470,0.000,1.639,4.496,27.75,42.355,82.931,2.470,0.000,1.639,4.496,28.51,42.436,83.876,2.470,0.000,1.913,4.496,29.20,42.526,84.537,2.470,0.000,1.913,4.496,29.61,42.479,85.39,2.470,0.000,1.913,4.496,30.26,42.286,86.162,2.265,0.045,1.913,4.496,30.89,0,0,2.470,0.000,1.639,4.496,.00,42.328,86.995,2.233,0.052,1.913,4.502,31.38,42.471,87.878,2.233,0.052,1.913,4.502,31.93,42.293,88.848,2.233,0.052,1.913,4.502,32.81
00:00.788,42.289,79.666,2.686,0.000,1.639,5.068,26.22,42.089,81.041,2.686,0.000,1.639,5.068,27.35,42.491,82.307,2.686,0.000,1.639,5.074,27.89,42.129,82.969,2.686,0.000,1.639,5.074,28.69,42.2,83.92,2.686,0.000,1.913,5.074,29.30,42.292,84.589,2.686,0.000,1.913,5.074,29.71,42.273,85.367,2.686,0.000,1.913,5.074,30.34,42.004,86.177,2.464,0.063,1.913,5.074,31.03,0,0,2.686,0.000,1.639,5.074,.00,42.117,87.02,2.428,0.073,1.913,5.074,31.58,42.201,87.934,2.428,0.073,1.913,5.074,32.11,42.039,88.857,2.428,0.073,1.913,5.074,32.92
00:00.888,41.992,79.771,2.875,0.000,1.639,5.639,26.43,41.706,81.092,2.875,0.000,1.639,5.639,27.54,42.162,82.362,2.876,0.000,1.639,5.639,28.15,41.813,83.017,2.876,-0.001,1.639,5.639,28.88,41.947,83.942,2.876,-0.001,1.913,5.639,29.50,42.018,84.638,2.876,-0.001,1.913,5.639,29.91,41.96,85.364,2.876,-0.001,1.913,5.639,30.47,41.637,86.16,2.637,0.079,1.913,5.639,31.24,0,0,2.876,-0.001,1.639,5.639,.00,41.854,87.042,2.599,0.092,1.913,5.639,31.75,41.882,87.944,2.599,0.092,1.913,5.639,32.34,41.762,88.862,2.599,0.092,1.913,5.645,33.11
00:00.888,41.992,79.771,3.042,0.000,1.639,5.639,26.43,41.706,81.092,3.042,0.000,1.639,5.639,27.54,42.162,82.362,3.043,0.000,1.639,5.639,28.15,41.813,83.017,3.043,-0.001,1.639,5.639,28.88,41.947,83.942,3.043,-0.001,1.913,5.639,29.50,42.018,84.638,3.043,-0.001,1.913,5.639,29.91,41.96,85.364,3.043,-0.001,1.913,5.639,30.47,41.637,86.16,2.790,0.093,1.913,5.639,31.24,0,0,3.043,-0.001,1.639,5.639,.00,41.854,87.042,2.749,0.108,1.913,5.639,31.75,41.882,87.944,2.749,0.108,1.913,5.639,32.34,41.762,88.862,2.749,0.108,1.913,5.645,33.11
00:00.888,41.992,79.771,3.191,0.000,1.639,5.639,26.43,41.706,81.092,3.191,0.000,1.639,5.639,27.54,42.162,82.362,3.191,0.000,1.639,5.639,28.15,41.813,83.017,3.191,-0.001,1.639,5.639,28.88,41.947,83.942,3.191,-0.001,1.913,5.639,29.50,42.018,84.638,3.191,-0.001,1.913,5.639,29.91,41.96,85.364,3.191,-0.001,1.913,5.639,30.47,41.637,86.16,2.926,0.105,1.913,5.639,31.24,0,0,3.114,-0.039,1.639,5.639,.00,41.854,87.042,2.814,0.082,1.913,5.639,31.75,41.882,87.944,2.814,0.082,1.913,5.639,32.34,41.762,88.862,2.814,0.082,1.913,5.645,33.11
00:00.987,41.716,79.853,3.250,-0.037,2.656,6.211,26.71,41.325,81.102,3.250,-0.037,2.824,6.211,27.85,41.728,82.476,3.250,-0.037,1.639,6.211,28.43,41.451,83.021,3.251,-0.037,2.682,6.211,29.14,41.573,83.984,3.251,-0.037,1.913,6.211,29.69,41.654,84.707,3.251,-0.037,1.913,6.211,30.14,41.595,85.392,3.251,-0.037,1.913,6.211,30.69,41.247,86.111,2.981,0.079,2.947,6.211,31.48,0,0,3.177,-0.074,1.639,6.211,.00,41.474,87.073,2.871,0.059,1.913,6.217,31.95,41.536,87.964,2.871,0.059,3.017,6.217,32.57,41.503,88.886,2.871,0.059,1.913,6.217,33.30
00:01.088,41.397,79.971,3.304,-0.070,2.656,6.782,26.97,40.836,81.116,3.303,-0.070,2.824,6.782,28.13,41.232,82.564,3.304,-0.070,2.856,6.782,28.81,40.993,83.057,3.304,-0.070,2.682,6.782,29.39,41.106,84.057,3.304,-0.070,3.176,6.782,29.99,41.226,84.799,3.304,-0.070,2.986,6.782,30.44,41.137,85.392,3.304,-0.070,3.244,6.782,30.97,40.845,86.091,3.030,0.055,2.947,6.782,31.72,0,0,3.235,-0.105,1.639,6.782,.00,41.003,87.055,2.923,0.039,3.279,6.782,32.24,41.065,88.018,2.923,0.039,3.017,6.782,32.83,41.153,88.907,2.923,0.039,3.024,6.788,33.50
00:01.088,41.397,79.971,3.352,-0.100,2.656,6.782,26.97,40.836,81.116,3.351,-0.100,2.824,6.782,28.13,41.232,82.564,3.352,-0.100,2.856,6.782,28.81,40.993,83.057,3.353,-0.100,2.682,6.782,29.39,41.106,84.057,3.353,-0.100,3.176,6.782,29.99,41.226,84.799,3.353,-0.100,2.986,6.782,30.44,41.137,85.392,3.353,-0.100,3.244,6.782,30.97,40.845,86.091,3.074,0.034,2.947,6.782,31.72,0,0,3.287,-0.133,1.639,6.782,.00,41.003,87.055,2.970,0.020,3.279,6.782,32.24,41.065,88.018,2.970,0.020,3.017,6.782,32.83,41.153,88.907,2.970,0.020,3.024,6.788,33.50
00:01.088,41.397,79.971,3.396,-0.127,2.656,6.782,26.97,40.836,81.116,3.395,-0.127,2.824,6.782,28.13,41.232,82.564,3.396,-0.127,2.856,6.782,28.81,40.993,83.057,3.397,-0.127,2.682,6.782,29.39,41.106,84.057,3.397,-0.127,3.176,6.782,29.99,41.226,84.799,3.397,-0.127,2.986,6.782,30.44,41.137,85.392,3.397,-0.127,3.244,6.782,30.97,40.845,86.091,3.115,0.014,2.947,6.782,31.72,0,0,3.334,-0.159,1.639,6.782,.00,41.003,87.055,3.013,0.003,3.279,6.782,32.24,41.065,88.018,3.013,0.003,3.017,6.782,32.83,41.153,88.907,3.013,0.003,3.024,6.788,33.50
00:01.188,40.944,80.116,3.436,-0.152,2.656,7.353,27.28,40.351,81.159,3.435,-0.152,2.824,7.353,28.48,40.724,82.651,3.436,-0.152,2.856,7.353,29.23,40.489,83.146,3.437,-0.152,2.682,7.353,29.74,40.642,84.107,3.437,-0.152,3.176,7.353,30.37,40.78,84.851,3.437,-0.152,2.986,7.353,30.81,40.689,85.391,3.437,-0.151,3.244,7.353,31.29,40.395,86.088,3.152,-0.004,2.947,7.353,31.99,0,0,3.377,-0.182,1.639,7.359,.00,40.447,87.056,3.052,-0.012,3.279,7.359,32.56,40.588,88.081,3.053,-0.008,3.017,7.359,33.20,40.772,88.907,3.040,-0.014,3.024,7.359,33.77
00:01.288,40.474,80.285,3.428,-0.190,3.764,7.924,27.70,39.789,81.236,3.464,-0.172,4.175,7.924,28.86,40.132,82.729,3.466,-0.171,3.876,7.924,29.65,39.954,83.212,3.464,-0.172,4.014,7.924,30.16,40.073,84.119,3.457,-0.175,3.176,7.924,30.73,40.304,84.882,3.448,-0.180,2.986,7.924,31.16,40.171,85.395,3.461,-0.173,3.244,7.930,31.61,39.885,86.055,3.186,-0.016,4.190,7.930,32.31,0,0,3.371,-0.219,1.639,7.930,.00,39.904,87.126,3.088,-0.022,4.306,7.930,32.96,39.997,88.101,3.089,-0.018,4.317,7.930,33.58,40.271,88.927,3.065,-0.030,3.024,7.930,34.04
00:01.288,40.474,80.285,3.421,-0.224,3.764,7.924,27.70,39.789,81.236,3.489,-0.190,4.175,7.924,28.86,40.132,82.729,3.493,-0.189,3.876,7.924,29.65,39.954,83.212,3.488,-0.191,4.014,7.924,30.16,40.073,84.119,3.476,-0.197,3.176,7.924,30.73,40.304,84.882,3.458,-0.206,2.986,7.924,31.16,40.171,85.395,3.483,-0.193,3.244,7.930,31.61,39.885,86.055,3.218,-0.027,4.190,7.930,32.31,0,0,3.366,-0.252,1.639,7.930,.00,39.904,87.126,3.122,-0.032,4.306,7.930,32.96,39.997,88.101,3.123,-0.028,4.317,7.930,33.58,40.271,88.927,3.088,-0.045,3.024,7.930,34.04
00:01.388,39.96,80.459,3.551,-0.267,3.764,8.000,28.15,39.212,81.32,3.654,-0.215,4.175,8.000,29.31,39.508,82.776,3.659,-0.213,3.876,8.000,30.12,39.411,83.278,3.652,-0.217,4.014,8.000,30.59,39.423,84.159,3.633,-0.226,4.707,8.000,31.15,39.791,84.895,3.605,-0.240,4.369,8.000,31.52,39.623,85.392,3.644,-0.220,4.667,8.000,31.98,39.324,86.003,3.376,-0.039,4.190,8.000,32.65,0,0,3.496,-0.295,1.639,8.000,.00,39.333,87.227,3.279,-0.042,4.306,8.000,33.39,39.37,88.134,3.280,-0.038,4.317,8.000,34.01,39.792,88.905,3.234,-0.061,4.256,8.000,34.40
00:01.488,39.486,80.618,3.680,-0.309,8.000,8.000,28.64,38.525,81.367,3.818,-0.240,8.000,8.000,29.77,38.861,82.825,3.825,-0.237,8.000,8.000,30.60,38.803,83.333,3.815,-0.242,8.000,8.000,31.02,38.782,84.237,3.790,-0.255,8.000,8.000,31.63,39.251,84.939,3.753,-0.273,8.000,8.000,31.89,39.04,85.401,3.804,-0.247,8.000,8.000,32.36,38.733,85.963,3.535,-0.050,8.000,8.000,33.01,0,0,3.626,-0.337,8.000,8.000,.00,38.766,87.263,3.436,-0.052,8.000,8.000,33.87,38.828,88.113,3.437,-0.048,8.000,8.000,34.48,39.251,88.895,3.380,-0.077,8.000,8.000,34.73
00:01.588,39.002,80.712,3.810,-0.351,8.000,8.000,29.08,37.951,81.386,3.983,-0.265,8.000,8.000,30.29,38.244,82.855,3.991,-0.262,8.000,8.000,31.09,38.181,83.367,3.978,-0.268,8.000,8.000,31.49,38.237,84.266,3.947,-0.284,8.000,8.000,32.14,38.665,85.015,3.901,-0.307,8.000,8.000,32.31,38.443,85.401,3.965,-0.274,8.000,8.000,32.78,38.126,85.85,3.694,-0.062,8.000,8.000,33.40,0,0,3.755,-0.379,8.000,8.000,.00,38.23,87.249,3.593,-0.062,8.000,8.000,34.29,38.244,88.108,3.595,-0.058,8.000,8.000,34.85,38.719,88.943,3.525,-0.092,8.000,8.000,35.10
00:01.688,38.474,80.793,3.965,-0.370,8.000,8.000,29.49,37.345,81.421,4.171,-0.272,8.000,8.000,30.71,37.657,82.896,4.178,-0.269,8.000,8.000,31.54,37.555,83.363,4.159,-0.278,8.000,8.000,31.95,37.664,84.291,4.119,-0.297,8.000,8.000,32.55,38.113,85.078,4.063,-0.324,8.000,8.000,32.77,37.848,85.433,4.134,-0.290,8.000,8.000,33.20,37.485,85.838,3.863,-0.066,8.000,8.000,33.75,0,0,3.853,-0.427,8.000,8.000,.00,37.542,87.143,3.763,-0.063,8.000,8.000,34.66,37.637,88.082,3.766,-0.058,8.000,8.000,35.26,38.198,88.982,3.680,-0.100,8.000,8.000,35.51
00:01.788,37.887,80.845,4.121,-0.390,8.000,8.000,29.92,36.728,81.457,4.359,-0.279,8.000,8.000,31.17,37.032,82.9,4.364,-0.277,8.000,8.000,31.99,36.931,83.407,4.341,-0.288,8.000,8.000,32.39,37.106,84.267,4.292,-0.311,8.000,8.000,32.97,37.602,85.086,4.226,-0.342,8.000,8.000,33.21,37.215,85.483,4.304,-0.305,8.000,8.000,33.65,36.912,85.825,4.032,-0.069,8.000,8.000,34.19,0,0,3.950,-0.475,8.000,8.000,.00,36.904,87.116,3.933,-0.064,8.000,8.000,35.07,37.07,88.074,3.938,-0.059,8.000,8.000,35.67,37.744,88.998,3.835,-0.107,8.000,8.000,35.91
00:01.888,37.388,80.902,4.276,-0.409,8.000,8.000,30.38,36.113,81.522,4.548,-0.286,8.000,8.000,31.63,36.306,82.908,4.551,-0.285,8.000,8.000,32.43,36.345,83.449,4.522,-0.299,8.000,8.000,32.86,36.579,84.256,4.464,-0.325,8.000,8.000,33.35,37.016,85.056,4.388,-0.360,8.000,8.000,33.58,36.651,85.452,4.474,-0.321,8.000,8.000,34.13,36.377,85.811,4.201,-0.073,8.000,8.000,34.59,0,0,4.047,-0.523,8.000,8.000,.00,36.296,87.045,4.104,-0.065,8.000,8.000,35.51,36.487,88.072,4.110,-0.059,8.000,8.000,36.07,37.255,88.965,3.990,-0.114,8.000,8.000,36.24
00:01.987,36.839,81.022,4.431,-0.428,8.000,8.000,30.77,35.472,81.598,4.736,-0.293,8.000,8.000,32.11,35.555,82.829,4.738,-0.293,8.000,8.000,32.95,35.816,83.508,4.704,-0.309,8.000,8.000,33.31,35.956,84.218,4.637,-0.339,8.000,8.000,33.71,36.463,85.017,4.550,-0.378,8.000,8.000,33.97,36.065,85.408,4.644,-0.336,8.000,8.000,34.51,35.795,85.813,4.370,-0.077,8.207,8.207,34.96,0,0,4.144,-0.571,8.000,8.000,.00,35.702,87.048,4.274,-0.066,8.520,8.520,35.88,35.809,88.08,4.282,-0.059,8.600,8.600,36.48,36.769,88.925,4.145,-0.122,8.000,8.000,36.56
00:02.088,36.253,81.132,4.506,-0.447,8.000,8.000,31.24,34.809,81.691,4.844,-0.300,8.436,8.436,32.62,34.911,82.806,4.844,-0.301,8.535,8.535,33.43,35.199,83.549,4.805,-0.319,8.386,8.386,33.72,35.376,84.202,4.729,-0.353,8.329,8.329,34.13,35.953,84.923,4.633,-0.395,8.000,8.000,34.33,35.521,85.406,4.734,-0.352,8.403,8.403,34.89,35.189,85.804,4.459,-0.081,9.325,8.797,35.37,0,0,4.162,-0.619,8.000,8.000,.00,35.148,87.081,4.364,-0.067,9.723,9.071,36.31,35.224,88.016,4.374,-0.060,9.861,9.164,36.96,36.206,88.867,4.227,-0.124,8.351,8.351,36.88
00:02.188,35.697,81.226,4.519,-0.452,8.000,8.000,31.73,34.152,81.759,4.895,-0.294,9.760,9.094,33.15,34.245,82.774,4.884,-0.301,9.841,9.185,33.87,34.547,83.52,4.846,-0.317,9.651,9.022,34.19,34.864,84.13,4.749,-0.359,9.534,8.820,34.53,35.457,84.911,4.645,-0.404,8.376,8.376,34.63,34.952,85.36,4.762,-0.355,9.534,8.954,35.27,34.543,85.751,4.485,-0.075,10.568,9.427,35.79,0,0,4.075,-0.668,8.000,8.000,.00,34.671,87.068,4.392,-0.060,10.749,9.537,36.72,34.59,87.963,4.407,-0.049,11.080,9.778,37.33,35.578,88.854,4.229,-0.125,9.539,8.966,37.24
00:02.288,35.17,81.274,4.463,-0.458,8.006,8.006,32.19,33.5,81.801,4.877,-0.288,9.760,9.743,33.66,33.6,82.765,4.854,-0.300,9.841,9.818,34.32,33.891,83.533,4.818,-0.315,9.651,9.670,34.63,34.31,84.088,4.700,-0.366,9.534,9.358,34.84,34.934,84.953,4.588,-0.412,8.376,8.899,34.97,34.353,85.307,4.720,-0.358,9.534,9.533,35.64,33.944,85.75,4.468,-0.069,10.568,10.001,36.21,0,0,3.919,-0.716,8.000,8.000,.00,34.103,86.976,4.381,-0.052,10.749,10.001,37.05,34.004,87.929,4.401,-0.038,11.080,10.001,37.74,35.096,88.773,4.192,-0.127,9.539,9.426,37.67
00:02.388,34.611,81.314,4.407,-0.463,9.098,8.563,32.60,32.818,81.845,4.859,-0.282,9.760,10.399,34.15,32.937,82.706,4.825,-0.300,9.841,10.388,34.76,33.22,83.589,4.789,-0.313,9.651,10.218,35.10,33.757,84.044,4.651,-0.373,10.606,9.893,35.20,34.416,84.945,4.532,-0.421,9.394,9.407,35.37,33.772,85.257,4.679,-0.361,10.706,10.001,36.03,33.346,85.773,4.451,-0.063,10.568,10.366,36.63,0,0,3.763,-0.764,8.000,8.000,.00,33.438,86.877,4.369,-0.044,10.749,10.409,37.39,33.423,87.872,4.395,-0.028,11.080,10.553,38.13,34.562,88.671,4.155,-0.129,9.539,9.933,37.96
00:02.488,34.006,81.363,4.351,-0.469,9.098,9.166,33.02,32.286,81.913,4.842,-0.275,11.102,10.935,34.67,32.32,82.672,4.796,-0.299,11.155,10.996,35.19,32.593,83.6,4.761,-0.311,10.984,10.842,35.62,33.281,83.945,4.602,-0.380,10.606,10.202,35.56,33.877,84.881,4.475,-0.429,9.394,9.926,35.73,33.217,85.163,4.638,-0.363,10.706,10.419,36.41,32.788,85.75,4.434,-0.058,11.775,10.918,37.07,0,0,3.608,-0.812,8.000,8.000,.00,32.777,86.811,4.358,-0.036,12.001,11.061,37.79,32.817,87.834,4.390,-0.017,12.255,11.149,38.50,34.022,88.569,4.117,-0.131,10.576,10.046,38.26
00:02.588,33.419,81.5,4.295,-0.474,10.265,9.768,33.49,31.568,81.918,4.824,-0.269,11.102,11.647,35.09,31.632,82.657,4.766,-0.299,11.155,11.677,35.60,31.998,83.605,4.733,-0.309,10.984,11.433,36.07,32.615,83.889,4.553,-0.387,11.644,10.856,35.82,33.289,84.805,4.418,-0.438,10.454,10.302,36.07,32.596,85.076,4.597,-0.366,11.851,11.024,36.73,32.186,85.738,4.410,-0.064,11.775,11.513,37.45,0,0,3.452,-0.860,8.000,8.000,.00,32.123,86.782,4.339,-0.042,12.001,11.707,38.21,32.184,87.781,4.377,-0.022,12.255,11.765,38.90,33.46,88.393,4.073,-0.148,10.576,10.582,38.57
00:02.688,32.844,81.621,4.250,-0.473,10.265,10.344,34.00,30.916,81.907,4.820,-0.258,12.353,12.279,35.60,30.978,82.709,4.753,-0.291,12.461,12.273,36.08,31.353,83.622,4.720,-0.300,12.206,11.996,36.49,31.92,83.959,4.506,-0.391,11.644,11.555,36.26,32.685,84.737,4.367,-0.442,10.454,10.892,36.43,31.993,85.005,4.571,-0.360,11.851,11.607,37.11,31.597,85.673,4.401,-0.066,12.935,11.996,37.87,0,0,3.278,-0.905,8.000,8.000,.00,31.559,86.79,4.331,-0.046,13.324,11.996,38.65,31.532,87.721,4.377,-0.022,13.497,12.071,39.31,32.924,88.252,4.044,-0.156,11.712,11.096,38.84
00:02.788,32.301,81.745,4.205,-0.471,11.455,10.899,34.49,30.204,81.942,4.817,-0.246,12.353,12.990,36.06,30.321,82.72,4.740,-0.282,12.461,12.928,36.58,30.689,83.611,4.707,-0.291,12.206,12.623,36.96,31.249,84.071,4.459,-0.395,13.006,12.098,36.80,32.081,84.671,4.315,-0.445,11.654,11.484,36.81,31.394,84.899,4.546,-0.355,13.080,12.011,37.49,30.973,85.635,4.392,-0.067,12.935,12.481,38.24,0,0,3.104,-0.950,8.000,8.000,.00,30.919,86.776,4.323,-0.049,13.324,12.615,39.05,30.899,87.632,4.377,-0.022,13.497,12.694,39.73,32.287,88.138,4.014,-0.165,11.712,11.714,39.12
00:02.888,31.725,81.822,4.161,-0.470,11.455,11.475,34.96,29.515,81.936,4.813,-0.234,13.718,13.678,36.58,29.757,82.735,4.727,-0.274,13.773,13.492,37.05,29.988,83.677,4.695,-0.282,13.516,13.327,37.42,30.63,84.069,4.412,-0.398,13.006,12.714,37.35,31.554,84.695,4.263,-0.449,11.654,11.996,37.19,30.753,84.827,4.521,-0.349,13.080,12.644,37.83,30.326,85.575,4.383,-0.068,14.152,13.122,38.65,0,0,2.930,-0.996,8.000,8.000,.00,30.353,86.739,4.316,-0.052,14.529,13.176,39.50,30.168,87.611,4.378,-0.022,14.796,13.422,40.12,31.703,88.061,3.985,-0.173,12.912,11.996,39.49
00:02.988,31.179,81.866,4.116,-0.469,12.591,12.014,35.42,28.819,81.931,4.810,-0.223,13.718,14.364,37.07,29.271,82.769,4.713,-0.266,13.773,13.979,37.46,29.274,83.766,4.682,-0.273,13.516,13.999,37.96,30.106,84.027,4.365,-0.402,14.299,13.233,37.79,31.017,84.666,4.212,-0.453,12.785,12.370,37.58,30.132,84.783,4.495,-0.343,14.338,13.261,38.24,29.677,85.549,4.373,-0.069,14.152,13.768,39.07,0,0,2.756,-1.041,8.000,8.000,.00,29.697,86.635,4.308,-0.056,14.529,13.818,39.87,29.484,87.567,4.378,-0.022,14.796,13.999,40.62,31.111,87.95,3.956,-0.182,12.912,12.505,39.85
00:03.088,30.641,81.843,4.071,-0.467,12.591,12.548,35.84,28.119,81.93,4.806,-0.211,15.104,15.063,37.56,28.621,82.752,4.700,-0.257,14.824,14.578,37.83,28.635,83.774,4.677,-0.262,14.939,14.584,38.53,29.638,83.972,4.334,-0.398,14.299,13.697,38.13,30.436,84.641,4.170,-0.451,12.785,12.948,37.94,29.507,84.703,4.483,-0.332,14.338,13.878,38.64,29.018,85.481,4.379,-0.066,15.451,14.236,39.51,0,0,2.625,-1.054,8.000,8.000,.00,29.052,86.533,4.367,-0.025,15.753,14.223,40.26,28.805,87.507,4.435,0.007,16.206,14.489,41.07,30.522,87.793,3.996,-0.154,14.102,13.082,40.19
00:03.188,30.065,81.885,4.094,-0.432,13.675,13.125,36.21,27.408,81.919,4.868,-0.170,15.104,15.774,38.05,27.949,82.725,4.752,-0.219,14.824,15.249,38.28,27.981,83.764,4.728,-0.223,14.939,15.238,38.99,29.096,83.924,4.358,-0.365,14.299,14.127,38.42,29.825,84.509,4.183,-0.422,13.904,13.547,38.33,28.811,84.645,4.527,-0.293,15.590,14.426,39.03,28.392,85.433,4.435,-0.034,15.451,14.860,39.93,0,0,2.493,-1.067,8.000,8.000,.00,28.339,86.45,4.426,0.006,15.753,14.934,40.65,28.051,87.368,4.492,0.035,16.206,15.234,41.51,29.958,87.564,4.035,-0.126,14.102,13.628,40.50
00:03.288,29.475,81.951,4.118,-0.397,13.675,13.719,36.64,26.709,81.916,4.929,-0.129,16.514,16.470,38.55,27.306,82.737,4.803,-0.180,16.146,15.892,38.73,27.373,83.737,4.778,-0.185,16.233,15.845,39.44,28.614,83.887,4.383,-0.332,15.839,14.608,38.77,29.27,84.381,4.196,-0.392,13.904,13.999,38.67,28.225,84.593,4.571,-0.255,15.590,15.011,39.48,27.798,85.373,4.492,-0.003,16.741,15.453,40.33,0,0,2.361,-1.080,8.000,8.000,.00,27.655,86.424,4.484,0.037,17.129,15.617,41.09,27.37,87.314,4.550,0.063,17.652,15.920,41.94,29.358,87.397,4.075,-0.098,15.317,13.999,40.73
00:03.388,28.911,82.008,4.142,-0.362,14.845,14.273,37.11,26.009,81.913,4.990,-0.088,16.514,17.169,39.04,26.615,82.741,4.855,-0.142,16.146,16.564,39.20,26.719,83.706,4.829,-0.146,16.233,16.460,39.86,28.134,83.883,4.407,-0.300,15.839,15.087,39.08,28.717,84.298,4.210,-0.362,15.099,14.513,38.97,27.592,84.502,4.614,-0.216,16.876,15.641,39.86,27.153,85.305,4.548,0.029,16.741,16.026,40.71,0,0,2.229,-1.092,8.000,8.000,.00,27.04,86.405,4.543,0.068,17.129,16.139,41.56,26.726,87.174,4.607,0.091,17.652,16.453,42.39,28.756,87.237,4.115,-0.070,15.317,14.533,41.04
00:03.488,28.382,82.041,4.165,-0.326,14.845,14.803,37.55,25.266,81.879,5.051,-0.046,17.913,17.912,39.53,25.875,82.706,4.906,-0.103,17.480,17.303,39.69,26.007,83.775,4.880,-0.108,17.495,17.171,40.30,27.586,83.885,4.431,-0.267,15.839,15.635,39.42,28.212,84.268,4.223,-0.333,15.099,15.017,39.30,26.921,84.428,4.658,-0.177,16.876,16.258,40.24,26.521,85.238,4.604,0.061,17.986,16.658,41.12,0,0,2.097,-1.105,8.000,8.000,.00,26.506,86.317,4.602,0.099,18.422,16.675,41.98,25.994,87.078,4.664,0.120,18.991,17.184,42.74,28.201,87.088,4.155,-0.041,16.562,15.084,41.35
00:03.588,27.843,82.021,4.189,-0.291,15.942,15.341,37.94,24.657,81.905,5.112,-0.005,17.913,18.521,40.03,25.316,82.685,4.958,-0.064,17.480,17.862,40.19,25.323,83.838,4.931,-0.069,17.495,17.855,40.85,27.136,83.83,4.456,-0.234,17.353,16.043,39.81,27.702,84.194,4.236,-0.303,16.162,15.525,39.64,26.301,84.364,4.702,-0.138,18.191,16.877,40.66,25.96,85.194,4.661,0.092,17.986,17.218,41.52,0,0,1.965,-1.118,8.000,8.000,.00,25.934,86.218,4.661,0.130,18.422,17.244,42.29,25.279,87.007,4.732,0.147,18.991,17.899,43.19,27.596,86.915,4.220,-0.008,16.562,15.686,41.64
00:03.688,27.282,82.004,4.266,-0.238,15.942,15.901,38.31,23.996,81.904,5.188,0.033,19.265,19.182,40.48,24.718,82.566,5.021,-0.030,18.780,18.460,40.57,24.688,83.85,4.997,-0.033,18.897,18.490,41.38,26.693,83.658,4.509,-0.196,17.353,16.486,40.09,27.261,84.117,4.284,-0.264,16.162,15.965,39.95,25.681,84.264,4.769,-0.097,18.191,17.497,41.06,25.327,85.123,4.725,0.120,19.184,17.851,41.88,0,0,1.866,-1.112,8.000,8.000,.00,25.288,86.108,4.732,0.159,19.549,17.884,42.63,24.719,86.909,4.801,0.174,20.454,18.459,43.65,26.975,86.762,4.286,0.026,17.765,16.204,41.94
00:03.788,26.758,81.959,4.343,-0.185,17.042,16.421,38.69,23.357,81.873,5.264,0.071,19.265,19.821,40.95,23.987,82.443,5.085,0.005,18.780,19.191,40.90,24.066,83.81,5.063,0.004,18.897,19.112,41.83,26.217,83.416,4.562,-0.157,17.353,16.961,40.28,26.787,84.031,4.331,-0.225,16.162,16.392,40.20,25.034,84.226,4.837,-0.057,19.440,18.144,41.42,24.688,85.003,4.790,0.148,19.184,18.490,42.28,0,0,1.767,-1.105,8.000,8.000,.00,24.674,86.018,4.802,0.188,19.549,18.504,43.01,24.166,86.834,4.869,0.200,20.454,19.012,43.97,26.384,86.585,4.351,0.060,17.765,16.789,42.28
00:03.887,26.188,81.965,4.421,-0.132,17.042,16.990,39.03,22.662,81.869,5.341,0.109,20.566,20.516,41.38,23.28,82.378,5.148,0.040,20.131,19.898,41.33,23.456,83.679,5.129,0.041,20.155,19.722,42.25,25.68,83.334,4.615,-0.118,18.795,17.498,40.45,26.234,83.918,4.379,-0.186,17.606,16.944,40.48,24.396,84.141,4.904,-0.016,19.440,18.782,41.86,24.021,84.952,4.855,0.176,20.470,19.157,42.65,0,0,1.668,-1.098,8.000,8.000,.00,23.936,85.955,4.873,0.217,20.825,19.242,43.38,23.659,86.701,4.938,0.227,21.580,19.524,44.31,25.766,86.425,4.417,0.094,19.021,17.412,42.57
00:03.988,25.611,81.986,4.498,-0.079,18.119,17.567,39.44,22.019,81.869,5.417,0.147,21.897,21.158,41.87,22.6,82.336,5.212,0.075,21.516,20.578,41.79,22.884,83.519,5.196,0.077,21.365,20.294,42.58,25.098,83.301,4.668,-0.080,19.914,18.080,40.77,25.7,83.806,4.426,-0.147,18.706,17.478,40.79,23.806,84.055,4.972,0.025,20.724,19.372,42.25,23.38,84.888,4.920,0.204,21.771,19.798,43.08,0,0,1.569,-1.091,8.000,8.000,.00,23.272,85.904,4.943,0.245,22.218,19.906,43.85,23.065,86.565,5.007,0.254,22.699,20.113,44.58,25.106,86.283,4.483,0.128,20.328,18.072,42.89
00:04.088,25.014,81.995,4.575,-0.025,19.304,18.164,39.86,21.362,81.849,5.493,0.186,21.897,21.815,42.32,21.927,82.293,5.275,0.110,21.516,21.250,42.24,22.234,83.469,5.272,0.116,21.365,20.944,42.88,24.466,83.239,4.730,-0.039,19.914,18.712,41.16,25.166,83.77,4.479,-0.106,18.706,18.012,41.09,23.103,83.947,5.046,0.066,22.025,20.075,42.60,22.726,84.824,4.989,0.230,21.771,20.452,43.49,0,0,1.462,-1.079,8.000,8.000,.00,22.562,85.809,5.022,0.274,22.218,20.616,44.29,22.421,86.463,5.080,0.280,22.699,20.757,44.90,24.471,86.139,4.559,0.163,20.328,18.707,43.26
00:04.188,24.44,81.954,4.632,0.004,19.304,18.738,40.29,20.716,81.845,5.548,0.204,21.897,22.461,42.77,21.43,82.285,5.321,0.127,21.516,21.747,42.69,21.657,83.406,5.331,0.140,21.365,21.520,43.30,23.784,83.215,4.777,-0.013,19.914,19.394,41.56,24.607,83.773,4.518,-0.081,18.706,18.571,41.44,22.516,83.821,5.111,0.095,22.025,20.662,43.02,22.115,84.759,5.047,0.248,21.771,21.063,43.91,0,0,1.388,-1.062,8.000,8.000,.00,21.939,85.732,5.089,0.294,22.218,21.238,44.72,21.869,86.428,5.139,0.295,22.699,21.308,45.28,23.862,86.003,4.625,0.189,20.328,19.316,43.61
00:04.288,23.818,81.919,4.689,0.034,19.304,19.360,40.67,20.101,81.814,5.604,0.222,23.207,23.076,43.22,20.852,82.225,5.366,0.144,22.694,22.325,43.03,20.966,83.375,5.389,0.163,22.603,22.211,43.66,23.161,83.163,4.823,0.013,21.235,20.017,42.02,24.108,83.702,4.557,-0.056,19.809,19.070,41.84,21.816,83.743,5.176,0.125,22.025,21.354,43.35,21.443,84.66,5.106,0.266,23.054,21.734,44.30,0,0,1.314,-1.045,8.000,8.000,.00,21.346,85.609,5.155,0.313,23.575,21.831,45.11,21.241,86.307,5.199,0.311,23.909,21.936,45.65,23.223,85.822,4.692,0.215,21.609,19.955,43.94
00:04.388,23.207,81.926,4.746,0.064,20.508,19.971,41.08,19.461,81.787,5.659,0.241,23.207,23.716,43.64,20.229,82.172,5.411,0.161,22.694,22.948,43.40,20.337,83.302,5.448,0.187,22.603,22.840,44.13,22.561,83.058,4.870,0.038,21.235,20.617,42.43,23.579,83.615,4.596,-0.031,19.809,19.599,42.14,21.212,83.674,5.241,0.154,23.334,21.965,43.79,20.839,84.533,5.165,0.284,23.054,22.338,44.70,0,0,1.240,-1.027,8.000,8.000,.00,20.694,85.484,5.221,0.333,23.575,22.483,45.44,20.587,86.265,5.258,0.326,23.909,22.590,46.01,22.551,85.666,4.759,0.241,21.609,20.627,44.26
00:04.488,22.598,81.927,4.803,0.093,20.508,20.580,41.52,18.8,81.782,5.715,0.259,24.461,24.377,44.07,19.593,82.163,5.456,0.178,23.895,23.584,43.80,19.789,83.157,5.506,0.210,23.921,23.388,44.52,21.959,83.014,4.916,0.064,22.472,21.218,42.78,22.996,83.492,4.634,-0.006,20.852,20.182,42.45,20.493,83.645,5.306,0.183,23.334,22.684,44.17,20.23,84.463,5.224,0.301,24.351,22.947,45.04,0,0,1.165,-1.010,8.000,8.000,.00,20.005,85.439,5.287,0.352,24.837,23.172,45.81,19.993,86.202,5.317,0.341,25.201,23.184,46.44,21.943,85.484,4.826,0.267,22.962,21.234,44.63
00:04.588,21.996,81.933,4.860,0.123,21.728,21.181,41.95,18.105,81.741,5.770,0.277,25.812,25.072,44.54,18.948,82.17,5.501,0.195,25.174,24.229,44.24,19.14,83.081,5.565,0.234,25.138,24.037,44.81,21.329,83.001,4.963,0.090,23.696,21.848,43.17,22.468,83.463,4.673,0.019,21.959,20.710,42.78,19.822,83.55,5.371,0.213,24.666,23.355,44.66,19.549,84.393,5.283,0.319,25.634,23.628,45.42,0,0,1.091,-0.992,8.000,8.000,.00,19.306,85.365,5.353,0.371,26.224,23.871,46.27,19.356,86.121,5.383,0.357,26.434,23.821,46.82,21.3,85.336,4.895,0.288,24.248,21.877,44.93
00:04.688,21.398,81.913,4.903,0.138,21.728,21.779,42.38,17.502,81.739,5.809,0.283,25.812,25.674,45.00,18.28,82.189,5.537,0.202,25.174,24.897,44.70,18.492,83.035,5.608,0.244,25.138,24.685,45.21,20.695,82.961,5.008,0.109,23.696,22.482,43.61,21.881,83.424,4.708,0.036,21.959,21.296,43.13,19.197,83.489,5.420,0.226,24.666,23.980,45.06,18.941,84.333,5.334,0.329,25.634,24.236,45.85,0,0,1.036,-0.970,8.000,8.000,.00,18.662,85.281,5.405,0.379,26.224,24.515,46.71,18.637,86.028,5.428,0.361,26.434,24.540,47.21,20.63,85.162,4.965,0.308,24.248,22.547,45.28
00:04.788,20.835,81.925,4.945,0.153,22.928,22.342,42.79,16.845,81.742,5.848,0.288,25.812,26.331,45.42,17.78,82.245,5.572,0.210,25.174,25.397,45.19,17.884,82.977,5.651,0.254,25.138,25.293,45.64,20.064,82.936,5.053,0.127,23.696,23.113,44.03,21.334,83.387,4.742,0.052,21.959,21.843,43.52,18.542,83.436,5.468,0.240,25.972,24.635,45.46,18.323,84.334,5.384,0.338,25.634,24.854,46.24,0,0,0.980,-0.947,8.000,8.000,.00,18.046,85.178,5.457,0.387,26.224,25.131,47.11,17.954,85.928,5.473,0.366,26.434,25.223,47.65,20.011,84.987,5.034,0.329,24.248,23.166,45.63
00:04.888,20.226,81.886,4.988,0.168,22.928,22.951,43.20,16.216,81.726,5.887,0.293,27.078,26.960,45.89,17.245,82.274,5.608,0.218,26.350,25.931,45.58,17.2,82.969,5.694,0.264,26.404,25.976,46.03,19.43,82.832,5.099,0.146,24.968,23.747,44.46,20.822,83.302,4.777,0.069,23.105,22.350,43.88,17.818,83.431,5.516,0.254,27.339,25.359,45.89,17.714,84.284,5.435,0.347,26.874,25.463,46.68,0,0,0.924,-0.925,8.000,8.000,.00,17.459,85.064,5.509,0.394,27.509,25.717,47.47,17.273,85.825,5.518,0.370,27.855,25.903,48.06,19.397,84.814,5.103,0.350,25.590,23.780,45.94
00:04.988,19.669,81.859,5.031,0.183,24.100,23.508,43.60,15.599,81.74,5.925,0.299,28.318,27.577,46.32,16.698,82.263,5.643,0.226,27.426,26.478,45.98,16.413,82.91,5.737,0.274,27.870,26.763,46.51,18.805,82.764,5.144,0.164,26.232,24.372,44.83,20.304,83.196,4.811,0.086,24.142,22.873,44.18,17.2,83.339,5.565,0.267,27.339,25.976,46.40,17.081,84.149,5.486,0.356,28.116,26.095,47.07,0,0,0.868,-0.903,8.000,8.000,.00,16.772,84.974,5.561,0.402,28.787,26.404,47.80,16.693,85.748,5.563,0.375,29.121,26.483,48.47,18.744,84.681,5.173,0.371,26.887,24.433,46.26
00:05.088,19.129,81.865,5.073,0.198,24.100,24.048,43.97,14.974,81.758,5.964,0.304,28.318,28.202,46.77,16.163,82.303,5.679,0.234,27.426,27.013,46.36,15.784,82.833,5.780,0.283,27.870,27.392,47.02,18.169,82.747,5.189,0.183,26.232,25.008,45.23,19.727,83.038,4.846,0.102,24.142,23.450,44.47,16.609,83.281,5.613,0.281,27.339,26.567,46.77,16.582,84.09,5.536,0.366,28.116,26.594,47.42,0,0,0.813,-0.880,8.000,8.000,.00,16.123,84.944,5.613,0.409,28.787,27.053,48.23,16.122,85.698,5.607,0.379,29.121,27.054,48.83,18.093,84.584,5.242,0.391,26.887,25.084,46.62
00:05.187,18.525,81.895,5.106,0.205,25.197,24.652,44.36,14.31,81.756,5.990,0.302,28.318,28.866,47.22,15.523,82.289,5.702,0.233,27.426,27.653,46.77,15.09,82.835,5.806,0.283,27.870,28.086,47.41,17.571,82.746,5.235,0.197,26.232,25.605,45.66,19.19,82.927,4.885,0.117,24.142,23.987,44.77,15.928,83.263,5.649,0.285,28.570,27.248,47.14,15.945,84.018,5.575,0.367,28.116,27.231,47.74,0,0,0.771,-0.856,8.000,8.000,.00,15.434,84.882,5.657,0.411,28.787,27.742,48.66,15.451,85.643,5.646,0.379,29.121,27.725,49.20,17.48,84.461,5.294,0.398,26.887,25.696,47.02
00:05.288,17.986,81.902,5.139,0.211,25.197,25.191,44.81,13.674,81.785,6.016,0.299,29.614,29.502,47.69,14.793,82.253,5.724,0.233,28.607,28.383,47.21,14.489,82.841,5.833,0.282,29.202,28.687,47.90,16.976,82.72,5.281,0.211,27.472,26.200,46.09,18.589,82.884,4.925,0.132,25.297,24.588,45.07,15.338,83.223,5.685,0.289,28.570,27.832,47.61,15.313,83.96,5.615,0.368,29.272,27.863,48.13,0,0,0.729,-0.833,8.000,8.000,.00,14.751,84.82,5.702,0.413,30.134,28.425,49.11,14.869,85.596,5.685,0.380,30.374,28.307,49.63,16.842,84.343,5.346,0.405,28.176,26.334,47.36
00:05.388,17.477,81.882,5.172,0.217,26.339,25.699,45.20,13.043,81.787,6.042,0.297,29.614,30.132,48.16,14.205,82.243,5.747,0.232,29.919,28.971,47.70,13.817,82.85,5.859,0.281,30.468,29.359,48.33,16.364,82.701,5.327,0.226,28.673,26.812,46.49,17.99,82.827,4.964,0.147,26.490,25.181,45.46,14.719,83.16,5.720,0.293,29.835,28.457,48.00,14.654,83.889,5.654,0.369,30.557,28.522,48.54,0,0,0.688,-0.809,8.000,8.000,.00,14.133,84.747,5.746,0.414,31.435,29.043,49.55,14.207,85.494,5.724,0.380,31.620,28.969,50.01,16.188,84.174,5.398,0.412,29.493,26.988,47.73
00:05.488,16.943,81.895,5.205,0.224,26.339,26.233,45.54,12.359,81.784,6.068,0.294,30.880,30.816,48.61,13.597,82.227,5.770,0.232,29.919,29.579,48.11,13.218,82.878,5.886,0.280,30.468,29.957,48.81,15.755,82.604,5.373,0.240,28.673,27.421,46.91,17.442,82.776,5.004,0.162,26.490,25.734,45.85,14.163,83.068,5.756,0.297,29.835,29.013,48.40,13.992,83.796,5.693,0.371,30.557,29.184,48.96,0,0,0.646,-0.785,8.000,8.000,.00,13.579,84.638,5.790,0.416,31.435,29.597,49.93,13.508,85.409,5.763,0.381,31.620,29.668,50.41,15.576,84.068,5.450,0.419,29.493,27.600,48.07
00:05.588,16.372,81.898,5.238,0.230,27.382,26.804,45.93,11.748,81.826,6.093,0.292,30.880,31.427,49.09,13.03,82.2,5.793,0.231,29.919,30.145,48.53,12.602,82.824,5.904,0.278,30.468,30.573,49.26,15.16,82.519,5.407,0.244,28.673,28.016,47.27,16.894,82.65,5.042,0.173,26.490,26.282,46.20,13.597,83.057,5.777,0.292,31.026,29.579,48.72,13.357,83.657,5.717,0.364,30.557,29.819,49.36,0,0,0.614,-0.762,8.000,8.000,.00,12.998,84.557,5.822,0.411,31.435,30.177,50.25,12.924,85.313,5.797,0.378,31.620,30.251,50.84,14.917,83.939,5.486,0.416,29.493,28.259,48.43
00:05.688,15.797,81.959,5.258,0.229,28.524,27.379,46.33,11.036,81.825,6.109,0.285,32.175,32.139,49.55,12.395,82.225,5.815,0.231,31.100,30.780,48.91,11.965,82.774,5.925,0.274,31.690,31.210,49.65,14.559,82.515,5.440,0.249,29.896,28.617,47.63,16.366,82.539,5.081,0.183,27.612,26.810,46.50,12.969,83.068,5.798,0.288,32.207,30.206,49.12,12.625,83.625,5.742,0.358,31.886,30.550,49.71,0,0,0.583,-0.739,8.000,8.000,.00,12.348,84.494,5.854,0.406,32.592,30.827,50.60,12.271,85.223,5.830,0.376,32.921,30.904,51.19,14.237,83.89,5.521,0.413,30.791,28.939,48.81
00:05.788,15.172,81.972,5.279,0.227,28.524,28.004,46.78,10.33,81.794,6.124,0.278,32.175,32.845,50.06,11.744,82.23,5.838,0.231,31.100,31.431,49.38,11.3,82.793,5.947,0.271,31.690,31.875,50.07,13.951,82.51,5.474,0.253,29.896,29.225,48.05,15.807,82.456,5.119,0.194,27.612,27.369,46.79,12.36,83.024,5.819,0.283,32.207,30.815,49.57,12.021,83.493,5.766,0.351,31.886,31.154,50.20,0,0,0.552,-0.716,8.000,8.000,.00,11.629,84.436,5.885,0.401,32.592,31.546,51.01,11.62,85.141,5.864,0.373,32.921,31.555,51.58,13.593,83.77,5.556,0.410,30.791,29.583,49.25
00:05.888,14.622,82.012,5.299,0.226,29.706,28.554,47.23,9.741,81.815,6.139,0.271,33.594,33.434,50.53,11.067,82.214,5.860,0.230,32.386,32.108,49.84,10.729,82.807,5.968,0.267,32.991,32.446,50.55,13.315,82.515,5.507,0.257,31.105,29.861,48.48,15.234,82.424,5.158,0.204,28.715,27.942,47.13,11.732,82.987,5.839,0.279,33.427,31.443,49.97,11.37,83.393,5.790,0.344,33.232,31.805,50.54,0,0,0.520,-0.693,8.000,8.000,.00,10.95,84.379,5.917,0.396,33.972,32.225,51.48,10.958,85.053,5.897,0.371,34.236,32.210,51.99,13.055,83.676,5.591,0.406,32.125,30.120,49.62
00:05.989,14.109,82.02,5.320,0.225,29.706,29.067,47.65,9.093,81.792,6.154,0.264,34.808,34.082,50.96,10.412,82.219,5.883,0.230,33.705,32.763,50.31,10.194,82.851,5.989,0.264,34.092,32.981,50.97,12.735,82.513,5.540,0.262,32.320,30.440,48.93,14.58,82.395,5.196,0.215,29.938,28.596,47.51,11.025,82.982,5.860,0.274,33.427,32.150,50.38,10.774,83.394,5.814,0.338,34.488,32.401,50.93,0,0,0.489,-0.670,8.000,8.000,.00,10.335,84.325,5.949,0.391,35.247,32.834,51.92,10.25,84.974,5.931,0.368,35.595,32.925,52.39,12.556,83.566,5.626,0.403,33.191,30.619,49.94
00:06.089,13.526,81.998,5.341,0.223,29.706,29.650,48.02,8.415,81.767,6.170,0.257,34.808,34.759,51.41,9.775,82.205,5.905,0.229,33.705,33.400,50.78,9.579,82.901,6.010,0.261,34.092,33.596,51.38,12.21,82.448,5.574,0.266,32.320,30.965,49.34,13.973,82.373,5.235,0.226,29.938,29.203,47.95,10.386,82.954,5.881,0.270,33.427,32.789,50.88,10.072,83.349,5.838,0.331,34.488,33.103,51.35,0,0,0.458,-0.647,8.000,8.000,.00,9.726,84.207,5.981,0.386,35.247,33.449,52.32,9.459,84.883,5.949,0.359,35.595,33.716,52.84,12.046,83.419,5.655,0.397,33.191,31.129,50.21
00:06.188,13.018,81.962,5.356,0.220,30.802,30.157,48.42,7.783,81.827,6.176,0.247,34.808,35.391,51.87,9.215,82.186,5.933,0.232,33.705,33.960,51.22,8.916,82.867,6.029,0.257,34.092,34.259,51.85,11.653,82.391,5.596,0.264,32.320,31.522,49.67,13.298,82.321,5.261,0.228,29.938,29.878,48.37,9.879,82.88,5.889,0.260,34.805,33.296,51.31,9.562,83.25,5.855,0.323,34.488,33.613,51.81,0,0,0.434,-0.626,8.000,8.000,.00,9.126,84.121,6.004,0.379,35.247,34.049,52.67,8.895,84.772,5.967,0.349,35.595,34.280,53.33,11.438,83.348,5.684,0.392,33.191,31.731,50.47
00:06.287,12.422,81.957,5.371,0.216,30.802,30.753,48.75,7.142,81.813,6.182,0.237,36.140,36.032,52.36,8.639,82.216,5.961,0.234,34.915,34.535,51.60,8.323,82.858,6.048,0.254,35.376,34.851,52.29,10.993,82.435,5.618,0.261,33.410,32.182,50.02,12.722,82.268,5.287,0.229,31.227,30.453,48.81,9.256,82.807,5.897,0.250,34.805,33.919,51.62,8.921,83.232,5.873,0.315,35.702,34.254,52.11,0,0,0.411,-0.604,8.000,8.000,.00,8.483,84.065,6.028,0.371,36.496,34.691,53.03,8.261,84.702,5.985,0.340,36.991,34.913,53.65,10.802,83.303,5.712,0.386,34.320,32.367,50.85
00:06.387,11.782,81.95,5.387,0.213,31.906,31.393,49.17,6.503,81.779,6.189,0.227,36.140,36.671,52.80,7.943,82.227,5.989,0.236,34.915,35.231,52.03,7.747,82.799,6.067,0.250,35.376,35.427,52.70,10.338,82.482,5.640,0.259,33.410,32.837,50.52,12.118,82.213,5.313,0.231,31.227,31.057,49.18,8.621,82.789,5.906,0.241,35.944,34.553,52.01,8.324,83.217,5.890,0.306,36.928,34.850,52.55,0,0,0.387,-0.583,8.000,8.000,.00,7.859,84.023,6.051,0.363,37.754,35.315,53.44,7.57,84.631,6.004,0.331,38.310,35.604,54.05,10.154,83.264,5.741,0.380,35.600,33.021,51.27
00:06.488,11.145,81.924,5.402,0.209,31.906,32.030,49.62,5.999,81.787,6.195,0.218,37.421,37.175,53.23,7.3,82.22,6.017,0.239,36.188,35.874,52.53,7.022,82.807,6.086,0.246,36.546,36.152,53.07,9.708,82.52,5.662,0.256,34.728,33.467,51.01,11.556,82.245,5.340,0.233,32.412,31.619,49.56,8.084,82.787,5.914,0.231,35.944,35.090,52.44,7.716,83.222,5.908,0.298,36.928,35.458,52.96,0,0,0.364,-0.562,8.000,8.000,.00,7.195,83.979,6.075,0.355,37.754,35.979,53.86,6.93,84.485,6.022,0.321,38.310,36.244,54.49,9.505,83.167,5.770,0.375,35.600,33.670,51.70
00:06.588,10.668,81.897,5.417,0.205,33.183,32.507,50.05,5.323,81.757,6.201,0.208,37.421,37.851,53.59,6.575,82.213,6.044,0.241,36.188,36.599,52.98,6.366,82.805,6.094,0.240,36.546,36.808,53.59,9.111,82.526,5.675,0.252,34.728,34.064,51.49,10.91,82.263,5.360,0.232,32.412,32.265,49.98,7.529,82.735,5.921,0.223,37.116,35.645,52.82,7.111,83.246,5.921,0.290,36.928,36.061,53.39,0,0,0.346,-0.543,8.000,8.000,.00,6.524,83.927,6.093,0.347,37.754,36.650,54.29,6.311,84.405,6.038,0.313,38.310,36.863,54.84,8.922,83.117,5.786,0.364,35.600,34.253,52.09
00:06.688,10.183,81.847,5.427,0.200,33.183,32.992,50.37,4.674,81.737,6.204,0.199,38.590,38.500,54.05,5.939,82.207,6.069,0.241,37.554,37.235,53.48,5.812,82.771,6.098,0.230,37.923,37.362,54.05,8.553,82.446,5.689,0.246,35.957,34.621,51.91,10.247,82.261,5.380,0.230,33.613,32.928,50.45,6.943,82.656,5.927,0.215,37.116,36.231,53.18,6.573,83.116,5.934,0.281,38.147,36.601,53.84,0,0,0.329,-0.524,8.000,8.000,.00,5.813,83.839,6.111,0.338,39.098,37.361,54.73,5.712,84.317,6.054,0.305,39.596,37.462,55.22,8.429,83.049,5.802,0.354,36.846,34.745,52.46
00:06.788,9.687,81.845,5.437,0.194,33.183,33.488,50.67,4.093,81.764,6.207,0.190,38.590,39.080,54.49,5.234,82.234,6.093,0.241,37.554,37.940,53.93,5.161,82.657,6.101,0.219,37.923,38.013,54.42,7.99,82.38,5.703,0.240,35.957,35.184,52.25,9.599,82.255,5.400,0.228,33.613,33.576,50.92,6.338,82.588,5.934,0.207,38.264,36.836,53.54,5.94,83.082,5.947,0.273,38.147,37.234,54.12,0,0,0.311,-0.505,8.000,8.000,.00,5.225,83.776,6.129,0.329,39.098,37.949,55.17,5.126,84.246,6.069,0.296,39.596,38.048,55.58,7.834,83.049,5.818,0.343,36.846,35.340,52.76
00:06.888,9.138,81.866,5.446,0.189,34.642,34.037,51.02,3.526,81.744,6.209,0.181,39.831,39.647,54.92,4.538,82.253,6.117,0.241,38.897,38.636,54.45,4.484,82.642,6.105,0.209,39.141,38.689,54.80,7.425,82.35,5.717,0.234,37.085,35.749,52.60,9.002,82.289,5.421,0.227,34.932,34.173,51.38,5.84,82.484,5.941,0.199,38.264,37.334,53.92,5.37,83.08,5.960,0.265,39.329,37.804,54.55,0,0,0.294,-0.487,8.000,8.000,.00,4.535,83.723,6.147,0.321,40.405,38.632,55.54,4.508,84.221,6.085,0.288,40.791,38.666,55.95,7.113,83.073,5.834,0.333,37.936,36.061,53.19
00:06.988,8.524,81.905,5.456,0.183,34.642,34.650,51.43,2.969,81.722,6.212,0.171,39.831,40.204,55.31,3.746,82.247,6.141,0.241,38.897,39.427,54.95,3.858,82.707,6.109,0.199,39.141,39.315,55.27,6.804,82.316,5.731,0.228,37.085,36.370,52.98,8.423,82.35,5.441,0.225,34.932,34.751,51.82,5.289,82.435,5.948,0.191,39.376,37.885,54.20,4.737,83.052,5.973,0.256,39.329,38.422,54.95,0,0,0.276,-0.468,8.000,8.000,.00,3.864,83.678,6.165,0.312,40.405,39.309,55.99,3.971,84.149,6.101,0.280,40.791,39.202,56.37,6.376,83.045,5.850,0.322,37.936,36.798,53.71
00:07.088,7.953,81.94,5.466,0.178,35.819,35.221,51.89,2.417,81.744,6.215,0.162,40.951,40.756,55.69,3.065,82.237,6.166,0.241,40.385,40.108,55.51,3.189,82.673,6.106,0.185,40.464,39.984,55.75,6.218,82.302,5.744,0.221,38.296,36.956,53.40,7.904,82.398,5.465,0.224,36.107,35.270,52.27,4.737,82.368,5.956,0.182,39.376,38.437,54.55,4.114,83.053,5.982,0.244,40.532,39.059,55.38,0,0,0.257,-0.447,8.000,8.000,.00,3.296,83.647,6.185,0.302,41.769,39.877,56.44,3.459,84.072,6.114,0.272,41.950,39.714,56.69,5.716,83.011,5.856,0.309,39.394,37.458,54.21
00:07.188,7.251,81.934,5.470,0.171,35.819,35.923,52.32,1.798,81.677,6.213,0.153,40.951,41.375,56.09,2.288,82.251,6.186,0.239,40.385,40.885,55.98,2.56,82.693,6.100,0.172,40.464,40.613,56.20,5.559,82.311,5.752,0.213,38.296,37.615,53.80,7.547,82.438,5.484,0.222,36.107,35.627,52.68,4.047,82.304,5.963,0.176,40.488,39.120,54.89,3.422,83.107,5.982,0.232,41.842,39.751,55.82,0,0,0.244,-0.430,8.000,8.000,.00,2.653,83.609,6.202,0.295,42.974,40.520,56.82,2.797,84.015,6.128,0.265,43.125,40.376,57.00,5.079,83.006,5.862,0.296,40.685,38.095,54.66
00:07.288,6.705,81.929,5.475,0.165,37.080,36.469,52.81,1.093,81.69,6.211,0.144,42.125,42.080,56.48,1.616,82.225,6.206,0.237,41.843,41.557,56.54,1.924,82.681,6.094,0.159,41.742,41.249,56.66,5.047,82.224,5.760,0.205,39.517,38.127,54.27,6.963,82.442,5.503,0.220,36.107,36.211,52.96,3.433,82.295,5.969,0.170,40.488,39.740,55.34,2.852,83.051,5.982,0.219,41.842,40.321,56.35,0,0,0.231,-0.414,8.000,8.000,.00,1.944,83.541,6.219,0.289,42.974,41.229,57.24,2.18,83.943,6.141,0.257,43.125,40.987,57.43,4.512,83,5.868,0.284,40.685,38.662,55.10
00:07.388,6.201,81.913,5.479,0.158,38.124,36.973,53.19,0.406,81.762,6.210,0.136,43.513,42.767,56.99,0.993,82.219,6.227,0.235,43.131,42.180,57.00,1.383,82.688,6.088,0.147,42.913,41.790,57.10,4.541,82.145,5.767,0.198,40.542,38.633,54.57,6.386,82.45,5.522,0.219,37.574,36.794,53.37,2.778,82.256,5.976,0.164,41.794,40.395,55.76,2.14,82.969,5.982,0.206,43.131,41.033,56.71,0,0,0.217,-0.398,8.000,8.000,.00,1.228,83.464,6.236,0.282,44.407,41.945,57.70,1.624,83.879,6.154,0.250,44.305,41.549,57.82,3.988,82.994,5.874,0.271,41.781,39.185,55.50
00:07.488,5.731,81.906,5.484,0.151,38.124,37.443,53.54,-0.238,81.751,6.208,0.127,43.513,43.410,57.53,0.372,82.255,6.247,0.233,43.131,42.801,57.44,0.883,82.67,6.082,0.134,42.913,42.290,57.49,3.948,82.135,5.775,0.190,40.542,39.225,54.87,5.816,82.41,5.541,0.217,37.574,37.358,53.79,2.102,82.173,5.983,0.158,41.794,41.071,56.20,1.546,82.936,5.983,0.194,43.131,41.627,57.15,0,0,0.204,-0.381,8.000,8.000,.00,0.526,83.388,6.253,0.275,44.407,42.647,58.15,1.081,83.873,6.168,0.242,44.305,42.092,58.16,3.391,83.016,5.880,0.258,41.781,39.796,55.87
00:07.588,5.099,81.942,5.488,0.145,38.124,38.075,53.86,-0.751,81.733,6.206,0.118,43.513,43.923,57.97,-0.295,82.281,6.268,0.232,43.131,43.467,57.90,0.286,82.706,6.076,0.122,42.913,42.887,57.83,3.257,82.187,5.783,0.183,40.542,39.916,55.29,5.23,82.478,5.560,0.215,38.717,37.944,54.16,1.414,82.109,5.990,0.152,43.150,41.759,56.62,0.941,82.961,5.983,0.181,43.131,42.232,57.55,0,0,0.191,-0.365,8.000,8.000,.00,-0.182,83.337,6.270,0.268,44.407,43.354,58.59,0.431,83.812,6.179,0.232,44.305,42.742,58.54,2.766,83.001,5.889,0.245,41.781,40.407,56.30
00:07.688,4.565,81.931,5.496,0.141,39.232,38.609,54.34,-1.318,81.776,6.202,0.110,44.676,44.490,58.33,-0.892,82.293,6.286,0.229,44.427,44.064,58.39,-0.326,82.765,6.071,0.113,44.016,43.498,58.28,2.675,82.218,5.784,0.174,41.832,40.498,55.81,4.595,82.564,5.570,0.209,38.717,38.579,54.62,0.778,82.007,5.993,0.146,43.150,42.395,57.06,0.415,83.021,5.975,0.167,44.343,42.758,58.00,0,0,0.181,-0.351,8.000,8.000,.00,-0.755,83.307,6.284,0.261,45.828,43.927,59.06,-0.319,83.785,6.183,0.222,45.505,43.491,58.96,2.171,82.956,5.899,0.237,43.004,41.002,56.73
00:07.788,3.949,81.885,5.504,0.138,39.232,39.224,54.71,-1.977,81.762,6.198,0.102,44.676,45.149,58.76,-1.538,82.263,6.305,0.227,44.427,44.710,58.82,-0.941,82.813,6.066,0.104,44.016,44.113,58.75,2.085,82.249,5.785,0.165,41.832,41.088,56.25,4.184,82.562,5.579,0.203,39.951,38.989,55.13,0.199,81.955,5.997,0.140,44.464,42.974,57.44,-0.15,83.034,5.967,0.154,44.343,43.322,58.41,0,0,0.171,-0.337,8.000,8.000,.00,-1.373,83.257,6.298,0.254,45.828,44.545,59.44,-1.012,83.722,6.187,0.212,45.505,44.184,59.47,1.609,82.908,5.910,0.230,43.004,41.564,57.12
00:07.888,3.452,81.817,5.512,0.135,40.382,39.721,55.11,-2.729,81.773,6.194,0.094,45.902,45.901,59.21,-2.202,82.275,6.324,0.225,45.670,45.374,59.26,-1.501,82.744,6.061,0.095,45.247,44.673,59.22,1.56,82.231,5.786,0.156,43.005,41.613,56.68,3.586,82.534,5.589,0.197,39.951,39.587,55.42,-0.488,81.962,6.000,0.134,44.464,43.660,57.81,-0.719,82.976,5.959,0.140,45.435,43.891,58.82,0,0,0.161,-0.323,8.000,8.000,.00,-2.023,83.198,6.311,0.247,47.021,45.195,59.84,-1.627,83.624,6.191,0.201,46.950,44.793,59.92,1.039,82.878,5.920,0.222,44.164,42.134,57.49
00:07.988,2.852,81.757,5.520,0.131,41.481,40.321,55.41,-3.45,81.816,6.190,0.086,47.369,46.622,59.75,-2.773,82.291,6.343,0.223,46.898,45.945,59.73,-2.053,82.625,6.056,0.086,46.368,45.225,59.57,1.025,82.212,5.787,0.147,44.059,42.148,57.04,3.032,82.448,5.599,0.191,40.959,40.141,55.82,-1.128,81.949,6.004,0.128,45.730,44.300,58.30,-1.272,82.927,5.951,0.127,46.550,44.444,59.18,0,0,0.151,-0.309,8.000,8.000,.00,-2.676,83.136,6.325,0.240,48.323,45.848,60.26,-2.34,83.584,6.195,0.191,48.279,45.512,60.28,0.501,82.855,5.930,0.215,45.268,42.672,57.87
00:08.088,2.276,81.744,5.527,0.128,41.481,40.897,55.79,-4.079,81.842,6.186,0.078,47.369,47.251,60.29,-3.387,82.304,6.360,0.218,46.898,46.559,60.15,-2.567,82.64,6.052,0.078,46.368,45.739,59.88,0.412,82.195,5.785,0.139,44.059,42.761,57.41,2.481,82.399,5.602,0.183,40.959,40.692,56.16,-1.685,82.006,6.011,0.126,45.730,44.857,58.74,-1.793,82.874,5.950,0.120,46.550,44.965,59.54,0,0,0.144,-0.298,8.000,8.000,.00,-3.366,83.08,6.330,0.231,48.323,46.538,60.68,-2.976,83.552,6.194,0.181,48.279,46.148,60.76,-0.132,82.861,5.937,0.207,45.268,43.304,58.23
00:08.188,1.816,81.773,5.534,0.125,41.481,41.357,56.19,-4.615,81.856,6.183,0.073,47.369,47.786,60.76,-4.027,82.31,6.368,0.211,46.898,47.199,60.59,-3.148,82.598,6.045,0.070,46.368,46.320,60.25,-0.169,82.18,5.783,0.131,44.059,43.341,57.83,1.797,82.373,5.605,0.175,42.073,41.376,56.51,-2.284,82.086,6.018,0.123,46.927,45.456,59.18,-2.414,82.9,5.949,0.114,46.550,45.586,59.87,0,0,0.136,-0.286,8.000,8.000,.00,-4.073,83.045,6.336,0.222,48.323,47.245,61.13,-3.639,83.495,6.193,0.171,48.279,46.805,61.18,-0.757,82.847,5.944,0.200,45.268,43.929,58.68
00:08.288,1.268,81.775,5.541,0.122,42.522,41.905,56.54,-5.137,81.85,6.180,0.067,48.541,48.308,61.14,-4.698,82.28,6.376,0.204,48.158,47.869,61.05,-3.687,82.529,6.038,0.063,47.469,46.859,60.63,-0.799,82.192,5.781,0.123,45.259,43.971,58.23,1.217,82.401,5.608,0.168,42.073,41.956,56.98,-2.864,82.066,6.025,0.120,46.927,46.036,59.66,-2.971,82.914,5.949,0.108,47.704,46.143,60.33,0,0,0.129,-0.274,8.000,8.000,.00,-4.676,83.018,6.341,0.213,49.734,47.847,61.60,-4.334,83.473,6.192,0.161,49.587,47.505,61.61,-1.335,82.807,5.950,0.192,46.531,44.507,59.12
00:08.388,0.658,81.805,5.548,0.119,42.522,42.515,56.93,-5.681,81.8,6.177,0.062,48.541,48.852,61.51,-5.379,82.281,6.384,0.197,48.158,48.550,61.50,-4.372,82.552,6.031,0.055,47.469,47.543,60.96,-1.421,82.209,5.779,0.115,45.259,44.593,58.68,0.706,82.375,5.611,0.160,43.337,42.467,57.41,-3.492,82.05,6.032,0.117,48.107,46.664,60.05,-3.439,82.951,5.948,0.101,47.704,46.611,60.73,0,0,0.122,-0.263,8.000,8.000,.00,-5.261,82.994,6.347,0.204,49.734,48.432,62.01,-5.005,83.452,6.191,0.151,49.587,48.169,62.09,-1.909,82.761,5.957,0.185,46.531,45.081,59.50
00:08.488,0.132,81.826,5.555,0.116,43.681,43.041,57.38,-6.349,81.806,6.174,0.056,49.607,49.520,61.86,-6.092,82.254,6.391,0.190,49.511,49.263,61.98,-4.965,82.501,6.024,0.047,48.693,48.136,61.46,-1.939,82.165,5.777,0.106,46.511,45.111,59.14,0.068,82.384,5.614,0.152,43.337,43.104,57.75,-4.067,82.091,6.040,0.115,48.107,47.239,60.49,-4.005,82.932,5.948,0.095,48.730,47.177,61.09,0,0,0.114,-0.251,8.000,8.000,.00,-5.884,82.976,6.352,0.194,50.924,49.055,62.41,-5.662,83.41,6.190,0.141,50.953,48.833,62.55,-2.534,82.767,5.964,0.177,47.686,45.706,59.87
00:08.588,-0.43,81.819,5.562,0.113,43.681,43.602,57.77,-7.04,81.833,6.170,0.051,49.607,50.211,62.34,-6.723,82.253,6.399,0.183,49.511,49.894,62.47,-5.575,82.399,6.017,0.040,48.693,48.746,61.85,-2.391,82.09,5.776,0.098,46.511,45.563,59.47,-0.487,82.294,5.617,0.144,44.486,43.659,58.21,-4.702,82.074,6.047,0.112,49.310,47.873,60.92,-4.563,82.862,5.947,0.089,48.730,47.734,61.47,0,0,0.107,-0.239,8.000,8.000,.00,-6.516,82.947,6.358,0.185,50.924,49.687,62.83,-6.275,83.388,6.192,0.135,50.953,49.446,62.98,-3.089,82.762,5.960,0.166,47.686,46.261,60.32
00:08.688,-1.105,81.812,5.564,0.108,44.769,44.277,58.16,-7.631,81.821,6.167,0.047,50.966,50.802,62.84,-7.413,82.23,6.388,0.168,50.854,50.584,62.92,-6.127,82.44,6.001,0.030,49.905,49.298,62.21,-2.947,82.082,5.778,0.094,48.036,46.119,59.74,-1.001,82.205,5.623,0.140,45.558,44.173,58.54,-5.259,82.087,6.056,0.111,50.490,48.430,61.36,-5.122,82.841,5.947,0.084,49.857,48.293,61.82,0,0,0.101,-0.230,8.000,8.000,.00,-7.199,82.929,6.357,0.175,52.178,50.370,63.26,-6.782,83.364,6.198,0.131,52.231,49.953,63.40,-3.742,82.798,5.955,0.155,48.866,46.914,60.71
00:08.788,-1.7,81.839,5.567,0.104,44.769,44.872,58.63,-8.188,81.832,6.164,0.043,50.966,51.359,63.25,-7.982,82.248,6.377,0.153,50.854,51.153,63.39,-6.649,82.445,5.985,0.019,49.905,49.820,62.63,-3.521,82.106,5.780,0.090,48.036,46.693,60.12,-1.647,82.21,5.629,0.135,45.558,44.819,58.84,-5.893,82.074,6.065,0.110,50.490,49.064,61.76,-5.662,82.829,5.946,0.079,49.857,48.833,62.20,0,0,0.095,-0.220,8.000,8.000,.00,-7.86,82.903,6.356,0.165,52.178,51.031,63.73,-7.392,83.345,6.204,0.127,52.231,50.556,63.74,-4.425,82.791,5.951,0.144,48.866,47.596,61.19
00:08.888,-2.308,81.857,5.569,0.100,46.038,45.480,59.07,-8.767,81.833,6.160,0.038,52.114,51.937,63.65,-8.574,82.167,6.365,0.138,52.113,51.745,63.80,-7.298,82.491,5.969,0.009,50.978,50.469,63.00,-4.085,82.11,5.783,0.086,48.036,47.257,60.55,-2.213,82.234,5.635,0.131,45.558,45.385,59.30,-6.441,82.048,6.074,0.109,50.490,49.612,62.20,-6.306,82.872,5.946,0.074,50.955,49.477,62.57,0,0,0.090,-0.210,8.000,8.000,.00,-8.484,82.941,6.355,0.155,53.523,51.655,64.18,-8.026,83.335,6.210,0.123,53.341,51.191,64.16,-5.044,82.736,5.947,0.134,50.202,48.215,61.67
00:08.988,-2.852,81.86,5.572,0.095,46.038,46.024,59.51,-9.331,81.818,6.157,0.034,52.114,52.501,64.06,-9.197,82.144,6.354,0.123,52.113,52.367,64.16,-7.87,82.508,5.952,-0.001,50.978,51.041,63.49,-4.721,82.136,5.785,0.082,49.180,47.892,60.95,-2.711,82.241,5.641,0.126,46.781,45.883,59.71,-7.055,82.024,6.084,0.108,51.684,50.226,62.57,-6.898,82.908,5.945,0.070,50.955,50.069,63.06,0,0,0.084,-0.201,8.000,8.000,.00,-9.097,82.928,6.354,0.145,53.523,52.261,64.65,-8.64,83.305,6.216,0.118,53.341,51.810,64.60,-5.649,82.687,5.943,0.123,50.202,48.820,62.07
00:09.088,-3.41,81.835,5.575,0.091,47.191,46.582,59.90,-9.999,81.78,6.153,0.030,53.257,53.169,64.45,-9.847,82.157,6.343,0.108,53.332,53.017,64.59,-8.492,82.42,5.936,-0.011,52.201,51.663,63.91,-5.312,82.114,5.788,0.078,49.180,48.483,61.42,-3.315,82.258,5.645,0.122,46.781,46.487,60.07,-7.664,81.978,6.083,0.102,51.684,50.835,62.99,-7.586,82.898,5.940,0.063,52.193,50.757,63.50,0,0,0.080,-0.193,8.000,8.000,.00,-9.694,82.92,6.348,0.135,54.753,52.864,65.07,-9.192,83.272,6.215,0.112,54.589,52.362,65.01,-6.227,82.655,5.940,0.115,51.430,49.398,62.46
00:09.188,-3.938,81.823,5.577,0.088,47.191,47.110,60.28,-10.658,81.807,6.145,0.024,53.257,53.828,64.90,-10.461,82.248,6.326,0.094,53.332,53.631,65.06,-9.046,82.333,5.922,-0.018,52.201,52.216,64.28,-5.863,82.069,5.785,0.073,50.407,49.034,61.82,-3.976,82.202,5.650,0.118,47.884,47.148,60.51,-8.36,81.891,6.083,0.097,52.909,51.531,63.39,-8.2,82.819,5.934,0.057,52.193,51.371,63.98,0,0,0.076,-0.185,8.000,8.000,.00,-10.287,82.86,6.342,0.125,54.753,53.457,65.49,-9.717,83.277,6.213,0.105,54.589,52.887,65.38,-6.731,82.641,5.937,0.107,51.430,49.902,62.85
00:09.288,-4.485,81.808,5.579,0.084,48.276,47.656,60.64,-11.226,81.809,6.136,0.018,54.584,54.396,65.38,-11.08,82.321,6.309,0.080,54.600,54.250,65.56,-9.647,82.313,5.909,-0.024,53.389,52.817,64.61,-6.391,82.007,5.782,0.068,50.407,49.562,62.18,-4.56,82.142,5.655,0.115,47.884,47.731,60.94,-9.046,81.86,6.083,0.091,52.909,52.216,63.82,-8.915,82.821,5.929,0.051,53.499,52.085,64.36,0,0,0.072,-0.177,8.000,8.000,.00,-10.884,82.819,6.336,0.115,55.951,54.054,65.86,-10.329,83.236,6.212,0.098,55.672,53.499,65.76,-7.333,82.649,5.934,0.100,52.512,50.504,63.20
00:09.388,-5.053,81.805,5.582,0.081,48.276,48.224,61.02,-11.76,81.816,6.127,0.013,54.584,54.930,65.79,-11.704,82.332,6.292,0.066,54.600,54.874,66.04,-10.083,82.288,5.895,-0.030,53.389,53.253,65.03,-6.978,81.99,5.780,0.062,51.491,50.149,62.51,-5.194,82.159,5.659,0.111,49.134,48.365,61.31,-9.698,81.887,6.083,0.086,54.290,52.868,64.28,-9.504,82.822,5.923,0.045,53.499,52.674,64.87,0,0,0.067,-0.169,8.000,8.000,.00,-11.522,82.755,6.330,0.104,57.176,54.692,66.26,-10.983,83.178,6.210,0.091,56.929,54.153,66.16,-7.983,82.661,5.931,0.092,53.758,51.154,63.63
00:09.488,-5.695,81.839,5.584,0.077,49.392,48.866,61.42,-12.313,81.812,6.119,0.007,55.686,55.483,66.17,-12.204,82.348,6.276,0.052,55.845,55.374,66.49,-10.668,82.338,5.881,-0.037,54.426,53.838,65.32,-7.604,82.038,5.777,0.057,52.698,50.775,62.91,-5.702,82.185,5.664,0.107,50.264,48.873,61.77,-10.396,81.862,6.083,0.080,55.633,53.566,64.76,-10.061,82.859,5.918,0.039,54.797,53.231,65.28,0,0,0.063,-0.161,8.000,8.000,.00,-12.131,82.756,6.324,0.094,57.176,55.301,66.66,-11.707,83.14,6.209,0.084,56.929,54.877,66.58,-8.507,82.602,5.928,0.084,53.758,51.678,64.09
00:09.588,-6.28,81.849,5.586,0.074,49.392,49.451,61.90,-12.923,81.808,6.110,0.001,55.686,56.093,66.56,-12.715,82.356,6.259,0.039,55.845,55.885,66.86,-11.164,82.307,5.875,-0.038,54.426,54.334,65.77,-8.28,82.078,5.770,0.050,52.698,51.451,63.39,-6.216,82.199,5.666,0.102,50.264,49.387,62.15,-10.975,81.832,6.076,0.073,55.633,54.145,65.24,-10.638,82.892,5.917,0.037,54.797,53.808,65.70,0,0,0.060,-0.154,8.000,8.000,.00,-12.746,82.765,6.310,0.083,57.176,55.916,67.10,-12.431,83.188,6.188,0.070,56.929,55.601,67.07,-9.124,82.538,5.922,0.077,53.758,52.294,64.42
00:09.688,-6.834,81.814,5.585,0.069,50.631,50.005,62.32,-13.565,81.801,6.096,-0.006,56.847,56.734,66.98,-13.272,82.334,6.241,0.028,56.850,56.441,67.23,-11.752,82.204,5.868,-0.039,55.511,54.922,66.09,-8.931,82.057,5.762,0.044,52.698,52.101,63.89,-6.757,82.244,5.668,0.098,50.264,49.928,62.52,-11.584,81.826,6.070,0.066,55.633,54.754,65.62,-11.315,82.86,5.917,0.035,55.934,54.479,66.14,0,0,0.057,-0.148,8.000,8.000,.00,-13.317,82.756,6.296,0.072,58.407,56.486,67.54,-13.043,83.153,6.168,0.055,58.383,56.212,67.61,-9.719,82.474,5.917,0.070,54.911,52.889,64.81
00:09.788,-7.341,81.787,5.583,0.065,50.631,50.512,62.68,-14.177,81.817,6.082,-0.013,56.847,57.346,67.43,-13.832,82.361,6.223,0.017,56.850,57.001,67.60,-12.331,82.144,5.861,-0.041,55.511,55.501,66.44,-9.525,81.968,5.754,0.037,54.031,52.695,64.34,-7.372,82.212,5.670,0.094,51.331,50.543,62.93,-12.134,81.769,6.064,0.059,56.834,55.304,66.05,-11.997,82.802,5.917,0.033,55.934,55.167,66.59,0,0,0.054,-0.141,8.000,8.000,.00,-13.915,82.75,6.282,0.060,58.407,57.084,67.93,-13.6,83.14,6.147,0.041,58.383,56.769,68.02,-10.201,82.477,5.911,0.063,54.911,53.371,65.19
00:09.888,-7.813,81.775,5.582,0.060,51.680,50.984,63.02,-14.693,81.81,6.069,-0.019,58.103,57.862,67.88,-14.375,82.458,6.206,0.006,57.973,57.544,68.02,-12.84,82.13,5.854,-0.042,56.685,56.010,66.80,-10.092,81.943,5.746,0.030,54.031,53.262,64.70,-7.925,82.147,5.672,0.090,51.331,51.096,63.35,-12.725,81.675,6.057,0.052,56.834,55.895,66.40,-12.637,82.766,5.916,0.031,57.301,55.807,67.03,0,0,0.051,-0.135,8.000,8.000,.00,-14.521,82.716,6.269,0.049,59.582,57.684,68.35,-14.14,83.108,6.127,0.026,59.558,57.309,68.41,-10.741,82.469,5.905,0.056,55.989,53.911,65.53
00:09.988,-8.333,81.811,5.580,0.056,51.680,51.504,63.35,-15.215,81.791,6.055,-0.026,58.103,58.384,68.24,-14.993,82.477,6.188,-0.005,57.973,58.162,68.47,-13.383,82.108,5.848,-0.043,56.685,56.552,67.15,-10.583,81.886,5.738,0.023,55.197,53.753,65.08,-8.55,82.115,5.674,0.085,52.503,51.721,63.69,-13.319,81.675,6.051,0.045,57.985,56.488,66.75,-13.221,82.784,5.916,0.029,57.301,56.390,67.46,0,0,0.047,-0.128,8.000,8.000,.00,-15.132,82.71,6.255,0.038,59.582,58.301,68.76,-14.813,83.074,6.107,0.011,59.558,57.982,68.76,-11.308,82.483,5.900,0.049,55.989,54.491,65.91
00:10.088,-8.905,81.885,5.579,0.051,51.680,52.075,63.74,-15.7,81.795,6.041,-0.033,59.124,58.869,68.59,-15.507,82.426,6.170,-0.016,59.114,58.676,68.92,-14.003,82.152,5.841,-0.044,57.733,57.172,67.52,-11.101,81.906,5.730,0.017,55.197,54.271,65.39,-9.12,82.131,5.677,0.081,52.503,52.290,64.11,-13.984,81.672,6.044,0.038,57.985,57.153,67.17,-13.703,82.774,5.915,0.027,58.488,56.872,67.89,0,0,0.044,-0.122,8.000,8.000,.00,-15.705,82.701,6.241,0.026,60.790,58.874,69.18,-15.353,83.004,6.088,0.000,60.766,58.522,69.22,-11.873,82.443,5.891,0.042,57.096,55.043,66.32
00:10.188,-9.501,81.916,5.569,0.044,53.247,52.671,64.20,-16.257,81.766,6.028,-0.038,59.124,59.426,68.94,-16.011,82.337,6.148,-0.026,59.114,59.180,69.25,-14.566,82.175,5.835,-0.045,57.733,57.735,67.99,-11.638,81.942,5.725,0.013,56.206,54.808,65.77,-9.64,82.2,5.676,0.076,53.699,52.810,64.52,-14.48,81.635,6.032,0.029,59.244,57.649,67.64,-14.218,82.814,5.913,0.025,58.488,57.387,68.22,0,0,0.042,-0.117,8.000,8.000,.00,-16.31,82.761,6.221,0.015,60.790,59.479,69.58,-15.972,83,6.066,-0.012,60.766,59.141,69.55,-12.469,82.404,5.882,0.035,57.096,55.639,66.69
00:10.288,-10.115,81.884,5.559,0.036,53.247,53.285,64.64,-16.942,81.763,6.016,-0.042,60.183,60.111,69.31,-16.575,82.261,6.126,-0.036,60.169,59.744,69.54,-15.122,82.13,5.828,-0.046,58.921,58.291,68.41,-12.269,82.018,5.720,0.010,56.206,55.439,66.17,-10.167,82.235,5.675,0.072,53.699,53.337,64.94,-15.019,81.605,6.019,0.020,59.244,58.188,67.96,-14.748,82.777,5.910,0.022,59.522,57.911,68.61,0,0,0.040,-0.111,8.000,8.000,.00,-16.954,82.8,6.201,0.003,61.978,60.123,70.05,-16.501,82.985,6.043,-0.024,61.933,59.670,69.98,-13.108,82.345,5.872,0.028,58.259,56.277,67.09
00:10.388,-10.619,81.829,5.549,0.029,54.457,53.789,65.05,-17.577,81.791,6.004,-0.046,60.183,60.745,69.79,-17.074,82.252,6.103,-0.047,60.169,60.243,69.89,-15.806,82.099,5.822,-0.047,58.921,58.975,68.77,-12.817,81.965,5.716,0.007,57.379,55.987,66.67,-10.745,82.201,5.674,0.067,54.750,53.915,65.34,-15.572,81.575,6.006,0.012,60.281,58.741,68.32,-15.339,82.73,5.907,0.019,59.522,58.508,68.96,0,0,0.037,-0.106,8.000,8.000,.00,-17.512,82.835,6.180,-0.009,61.978,60.680,70.54,-16.981,82.994,6.021,-0.036,61.933,60.150,70.35,-13.658,82.345,5.863,0.021,58.259,56.827,67.50
00:10.488,-11.068,81.753,5.540,0.021,54.457,54.238,65.37,-18.143,81.79,5.991,-0.051,61.502,61.311,70.26,-17.739,82.32,6.081,-0.057,61.236,60.907,70.23,-16.38,82.08,5.816,-0.047,60.163,59.549,69.23,-13.365,81.884,5.711,0.003,57.379,56.534,67.02,-11.333,82.144,5.673,0.062,54.750,54.503,65.72,-16.107,81.554,5.994,0.003,60.281,59.276,68.69,-15.98,82.653,5.905,0.017,60.640,59.149,69.35,0,0,0.035,-0.101,8.000,8.000,.00,-18.081,82.808,6.160,-0.021,63.176,61.249,70.96,-17.361,82.994,5.999,-0.048,62.936,60.544,70.69,-14.224,82.343,5.853,0.014,59.449,57.393,67.88
00:10.588,-11.544,81.71,5.532,0.016,54.457,54.714,65.63,-18.678,81.798,5.983,-0.053,61.502,61.846,70.66,-18.438,82.322,6.058,-0.066,61.236,61.606,70.75,-16.969,82.121,5.807,-0.049,60.163,60.138,69.62,-13.858,81.836,5.702,-0.001,58.479,57.027,67.35,-11.975,82.107,5.671,0.058,55.934,55.145,66.10,-16.684,81.541,5.972,-0.008,61.359,59.853,69.06,-16.587,82.652,5.894,0.011,60.640,59.756,69.74,0,0,0.033,-0.096,8.000,8.000,.00,-18.669,82.792,6.141,-0.029,63.176,61.837,71.34,-17.822,82.907,5.975,-0.057,62.936,60.990,70.96,-14.772,82.367,5.845,0.009,59.449,57.941,68.28
00:10.688,-12.079,81.769,5.524,0.011,55.897,55.249,65.94,-19.173,81.807,5.975,-0.053,62.604,62.341,71.05,-18.923,82.364,6.034,-0.074,62.601,62.091,71.25,-17.584,82.167,5.799,-0.051,61.326,60.752,70.07,-14.369,81.864,5.694,-0.006,58.479,57.538,67.67,-12.513,82.046,5.668,0.054,55.934,55.683,66.53,-17.273,81.522,5.949,-0.019,61.359,60.442,69.46,-17.221,82.663,5.884,0.005,61.895,60.390,70.17,0,0,0.031,-0.092,8.000,8.000,.00,-19.232,82.755,6.122,-0.037,64.333,62.400,71.74,-18.307,82.882,5.951,-0.067,62.936,61.475,71.23,-15.316,82.342,5.838,0.005,60.563,58.485,68.69
00:10.788,-12.631,81.772,5.516,0.006,55.897,55.801,66.36,-19.732,81.771,5.968,-0.054,62.604,62.900,71.40,-19.476,82.317,6.011,-0.082,62.601,62.644,71.62,-18.047,82.271,5.790,-0.053,61.326,61.215,70.53,-14.855,81.881,5.685,-0.010,59.486,58.024,68.05,-13.062,82.037,5.665,0.049,57.103,56.231,66.86,-17.775,81.59,5.927,-0.030,62.536,60.943,69.86,-17.747,82.717,5.874,-0.001,61.895,60.915,70.63,0,0,0.029,-0.088,8.000,8.000,.00,-19.805,82.747,6.103,-0.045,64.333,62.973,72.12,-18.857,82.87,5.927,-0.076,64.266,62.025,71.55,-15.879,82.282,5.830,0.000,60.563,59.048,69.05
00:10.888,-13.184,81.766,5.508,0.002,56.984,56.353,66.75,-20.341,81.791,5.960,-0.055,63.658,63.509,71.77,-20.071,82.22,5.987,-0.091,63.639,63.239,71.98,-18.549,82.247,5.781,-0.055,62.414,61.717,70.94,-15.451,81.933,5.676,-0.015,59.486,58.620,68.40,-13.618,82.075,5.662,0.045,57.103,56.787,67.25,-18.359,81.618,5.905,-0.041,62.536,61.527,70.26,-18.199,82.72,5.864,-0.006,63.051,61.367,71.04,0,0,0.028,-0.084,8.000,8.000,.00,-20.356,82.766,6.084,-0.053,65.469,63.524,72.52,-19.413,82.884,5.903,-0.086,64.266,62.581,71.93,-16.478,82.245,5.822,-0.004,61.673,59.647,69.41
00:10.988,-13.753,81.656,5.501,-0.003,56.984,56.922,67.14,-21,81.833,5.953,-0.056,63.658,64.168,72.22,-20.578,82.203,5.964,-0.099,63.639,63.746,72.33,-19.164,82.206,5.773,-0.056,62.414,62.332,71.27,-16.031,81.95,5.668,-0.019,60.570,59.200,68.86,-14.153,82.064,5.660,0.040,58.209,57.322,67.67,-18.897,81.617,5.883,-0.052,63.626,62.065,70.69,-18.668,82.704,5.853,-0.012,63.051,61.836,71.36,0,0,0.026,-0.080,8.000,8.000,.00,-20.91,82.772,6.065,-0.061,65.469,64.078,72.92,-19.865,82.89,5.879,-0.096,65.378,63.033,72.33,-17.094,82.261,5.814,-0.009,61.673,60.263,69.81
00:11.088,-14.239,81.554,5.493,-0.007,58.111,57.408,67.46,-21.623,81.837,5.945,-0.057,64.927,64.791,72.71,-21.167,82.268,5.940,-0.108,64.746,64.335,72.68,-19.724,82.187,5.764,-0.058,63.532,62.892,71.68,-16.611,81.91,5.658,-0.023,60.570,59.780,69.28,-14.674,82.015,5.655,0.035,58.209,57.843,68.04,-19.359,81.643,5.860,-0.061,63.626,62.527,71.07,-19.278,82.698,5.843,-0.017,63.051,62.446,71.68,0,0,0.024,-0.075,8.000,8.000,.00,-21.472,82.766,6.043,-0.070,66.574,64.634,73.31,-20.522,82.89,5.852,-0.105,65.378,63.690,72.66,-17.624,82.252,5.805,-0.013,62.888,60.792,70.25
00:11.188,-14.702,81.478,5.476,-0.016,58.111,57.871,67.74,-22.21,81.833,5.935,-0.059,64.927,65.377,73.16,-21.79,82.291,5.923,-0.111,64.746,64.957,73.14,-20.31,82.26,5.757,-0.058,63.532,63.478,72.06,-17.148,81.846,5.643,-0.030,61.731,60.317,69.66,-15.213,81.947,5.651,0.031,59.265,58.382,68.37,-19.853,81.668,5.837,-0.070,63.626,63.021,71.42,-19.801,82.694,5.831,-0.023,64.588,62.964,72.11,0,0,0.023,-0.071,8.000,8.000,.00,-21.967,82.743,6.023,-0.076,66.574,65.134,73.71,-21.077,82.796,5.820,-0.116,66.481,64.245,73.12,-18.186,82.233,5.795,-0.017,62.888,61.354,70.62
00:11.288,-15.169,81.546,5.458,-0.024,58.111,58.338,68.01,-22.686,81.849,5.926,-0.061,66.136,65.853,73.57,-22.314,82.336,5.906,-0.114,65.960,65.481,73.60,-20.949,82.273,5.750,-0.059,64.679,64.117,72.53,-17.637,81.829,5.628,-0.036,61.731,60.805,70.00,-15.806,81.947,5.647,0.027,59.265,58.975,68.70,-20.401,81.618,5.813,-0.079,65.120,63.569,71.79,-20.317,82.716,5.818,-0.028,64.588,63.485,72.47,0,0,0.021,-0.068,8.000,8.000,.00,-22.482,82.723,6.003,-0.082,67.631,65.649,74.04,-21.56,82.74,5.789,-0.127,66.481,64.728,73.45,-18.707,82.223,5.785,-0.022,63.980,61.875,71.01
00:11.388,-15.753,81.584,5.441,-0.032,59.532,58.922,68.39,-23.28,81.807,5.916,-0.062,66.136,66.447,73.92,-22.824,82.319,5.889,-0.117,65.960,65.991,74.00,-21.503,82.273,5.744,-0.059,64.679,64.671,72.99,-18.133,81.864,5.612,-0.043,62.760,61.301,70.33,-16.322,81.98,5.643,0.023,60.399,59.491,69.12,-20.853,81.592,5.789,-0.088,65.120,64.021,72.14,-20.93,82.759,5.806,-0.033,65.627,64.098,72.86,0,0,0.020,-0.065,8.000,8.000,.00,-23.056,82.7,5.984,-0.089,67.631,66.223,74.39,-22.081,82.691,5.757,-0.138,67.535,65.248,73.75,-19.201,82.165,5.776,-0.026,63.980,62.369,71.37
00:11.488,-16.326,81.628,5.424,-0.040,59.532,59.495,68.83,-23.878,81.81,5.906,-0.064,67.207,67.045,74.31,-23.336,82.214,5.872,-0.120,66.994,66.503,74.35,-22.026,82.221,5.737,-0.060,65.872,65.193,73.38,-18.635,81.892,5.597,-0.049,62.760,61.803,70.71,-16.916,82.015,5.638,0.019,60.399,60.085,69.51,-21.321,81.603,5.766,-0.097,66.121,64.489,72.44,-21.464,82.742,5.793,-0.039,65.627,64.632,73.32,0,0,0.019,-0.061,8.000,8.000,.00,-23.626,82.722,5.964,-0.095,68.726,66.793,74.78,-22.642,82.67,5.726,-0.149,67.535,65.804,74.08,-19.78,82.101,5.766,-0.030,64.997,62.948,71.68
00:11.588,-16.831,81.643,5.403,-0.048,60.691,60.000,69.26,-24.488,81.804,5.889,-0.069,67.207,67.655,74.73,-23.819,82.152,5.851,-0.123,66.994,66.986,74.64,-22.59,82.193,5.727,-0.061,65.872,65.757,73.71,-19.184,81.895,5.579,-0.056,62.760,62.352,71.08,-17.474,82.003,5.632,0.014,61.512,60.642,69.95,-21.782,81.605,5.751,-0.099,66.121,64.950,72.78,-22.042,82.667,5.778,-0.044,66.774,65.209,73.68,0,0,0.018,-0.059,8.000,8.000,.00,-24.19,82.726,5.941,-0.102,68.726,67.357,75.20,-23.103,82.653,5.703,-0.153,68.613,66.270,74.47,-20.409,82.073,5.753,-0.035,64.997,63.577,72.04
00:11.688,-17.398,81.55,5.383,-0.056,60.691,60.567,69.63,-25.203,81.82,5.878,-0.071,68.415,68.370,75.16,-24.447,82.119,5.838,-0.123,68.003,67.614,74.93,-23.103,82.174,5.719,-0.061,66.961,66.270,74.09,-19.682,81.834,5.565,-0.061,64.307,62.850,71.47,-18.054,81.99,5.625,0.010,61.512,61.222,70.34,-22.29,81.647,5.736,-0.102,66.121,65.457,73.11,-22.587,82.628,5.762,-0.050,66.774,65.754,74.04,0,0,0.017,-0.056,8.000,8.000,.00,-24.788,82.734,5.918,-0.108,69.859,67.955,75.60,-23.62,82.626,5.680,-0.157,68.613,66.787,74.78,-20.97,82.074,5.740,-0.040,66.208,64.138,72.47
00:11.788,-17.932,81.485,5.363,-0.063,61.764,61.100,69.97,-25.81,81.833,5.866,-0.073,69.731,68.977,75.68,-25.071,82.127,5.824,-0.124,69.249,68.238,75.35,-23.754,82.157,5.712,-0.062,68.113,66.921,74.44,-20.258,81.799,5.551,-0.065,65.374,63.426,71.78,-18.619,81.967,5.618,0.006,62.650,61.787,70.74,-22.925,81.575,5.721,-0.104,67.559,66.092,73.49,-23.162,82.588,5.747,-0.055,67.901,66.329,74.40,0,0,0.016,-0.053,8.000,8.000,.00,-25.321,82.729,5.895,-0.115,70.979,68.488,76.03,-24.145,82.558,5.657,-0.161,70.114,67.312,75.13,-21.586,82.067,5.727,-0.045,67.379,64.754,72.86
00:11.888,-18.473,81.419,5.343,-0.071,62.841,61.641,70.30,-26.44,81.829,5.855,-0.075,69.731,69.606,76.12,-25.648,82.178,5.811,-0.124,69.249,68.815,75.80,-24.382,82.168,5.704,-0.063,68.113,67.549,74.89,-20.787,81.761,5.537,-0.069,65.374,63.955,72.17,-19.157,81.933,5.612,0.002,63.743,62.325,71.13,-23.446,81.593,5.706,-0.106,68.706,66.613,73.89,-23.736,82.553,5.731,-0.061,69.041,66.903,74.78,0,0,0.015,-0.050,8.000,8.000,.00,-25.895,82.663,5.872,-0.121,70.979,69.062,76.40,-24.632,82.505,5.634,-0.165,70.114,67.799,75.45,-22.141,82.021,5.714,-0.050,67.379,65.308,73.29
00:11.988,-18.79,81.58,5.323,-0.078,62.841,61.958,70.63,-26.958,81.803,5.843,-0.078,69.731,70.124,76.56,-26.18,82.152,5.797,-0.125,69.249,69.346,76.24,-24.869,82.201,5.696,-0.063,68.113,68.036,75.34,-21.342,81.791,5.523,-0.074,65.374,64.510,72.51,-19.693,81.951,5.605,-0.003,63.743,62.861,71.48,-23.946,81.594,5.691,-0.109,68.706,67.113,74.27,-24.367,82.546,5.715,-0.067,69.041,67.534,75.16,0,0,0.014,-0.048,8.000,8.000,.00,-26.417,82.631,5.849,-0.128,70.979,69.577,76.76,-25.236,82.512,5.611,-0.169,70.114,68.403,75.76,-22.618,81.928,5.701,-0.055,67.379,65.785,73.65
00:12.088,-19.276,81.643,5.303,-0.086,62.841,62.444,70.97,-27.533,81.789,5.832,-0.080,70.885,70.699,76.91,-26.713,82.104,5.784,-0.125,70.363,69.879,76.60,-25.356,82.185,5.688,-0.065,69.240,68.523,75.71,-21.832,81.814,5.512,-0.075,66.469,64.999,72.93,-20.255,81.976,5.594,-0.008,63.743,63.423,71.87,-24.491,81.537,5.676,-0.111,68.706,67.658,74.63,-24.953,82.526,5.696,-0.073,69.041,68.120,75.60,0,0,0.013,-0.046,8.000,8.000,.00,-26.941,82.639,5.828,-0.132,72.085,70.107,77.11,-25.747,82.55,5.600,-0.165,71.212,68.914,76.19,-23.18,81.881,5.688,-0.058,68.426,66.347,73.93
00:12.188,-19.727,81.682,5.294,-0.086,62.841,62.895,71.36,-28.05,81.777,5.820,-0.082,70.885,71.216,77.30,-27.293,81.994,5.769,-0.126,70.363,70.459,76.95,-25.926,82.117,5.678,-0.067,69.240,69.093,76.04,-22.437,81.872,5.502,-0.076,66.469,65.604,73.29,-20.822,82.007,5.584,-0.013,64.851,63.990,72.29,-25.127,81.57,5.661,-0.113,69.762,68.294,74.97,-25.468,82.465,5.676,-0.079,70.269,68.635,76.00,0,0,0.012,-0.043,8.000,8.000,.00,-27.467,82.623,5.806,-0.135,72.085,70.633,77.48,-26.213,82.586,5.589,-0.162,71.212,69.379,76.58,-23.712,81.841,5.676,-0.062,68.426,66.873,74.29
00:12.287,-20.219,81.595,5.286,-0.086,64.127,63.387,71.71,-28.556,81.773,5.808,-0.084,71.977,71.722,77.66,-27.85,81.966,5.755,-0.127,71.488,71.016,77.28,-26.416,82.113,5.669,-0.068,70.300,69.582,76.40,-22.951,81.848,5.492,-0.078,67.566,66.118,73.76,-21.32,81.941,5.574,-0.018,64.851,64.488,72.71,-25.659,81.57,5.646,-0.114,69.762,68.826,75.45,-26.011,82.415,5.657,-0.085,70.269,69.178,76.32,0,0,0.011,-0.041,8.000,8.000,.00,-28.08,82.603,5.785,-0.139,73.141,71.246,77.85,-26.744,82.581,5.578,-0.159,71.212,69.910,76.93,-24.262,81.83,5.663,-0.065,69.523,67.429,74.64
00:12.388,-20.644,81.559,5.277,-0.086,64.127,63.812,71.99,-29.081,81.786,5.795,-0.086,71.977,72.247,78.01,-28.451,81.976,5.740,-0.128,71.488,71.617,77.65,-26.94,82.148,5.660,-0.069,70.300,70.106,76.74,-23.417,81.821,5.481,-0.079,67.566,66.584,74.10,-21.881,81.874,5.563,-0.023,65.916,65.048,73.02,-26.263,81.526,5.631,-0.116,70.930,69.429,75.82,-26.511,82.357,5.637,-0.091,71.327,69.677,76.67,0,0,0.011,-0.039,8.000,8.000,.00,-28.647,82.636,5.764,-0.143,73.141,71.813,78.26,-27.34,82.548,5.567,-0.156,72.721,70.506,77.30,-24.826,81.806,5.651,-0.068,69.523,67.993,75.02
00:12.488,-21.14,81.563,5.268,-0.085,64.127,64.308,72.27,-29.662,81.805,5.783,-0.088,73.007,72.828,78.39,-29.066,81.982,5.726,-0.129,72.646,72.232,78.08,-27.564,82.204,5.651,-0.070,71.314,70.730,77.14,-23.95,81.784,5.471,-0.081,67.566,67.117,74.41,-22.383,81.821,5.553,-0.027,65.916,65.550,73.37,-26.884,81.468,5.615,-0.118,70.930,70.050,76.22,-26.966,82.388,5.618,-0.097,71.327,70.132,76.98,0,0,0.010,-0.037,8.000,8.000,.00,-29.139,82.609,5.742,-0.147,74.315,72.305,78.69,-27.846,82.519,5.556,-0.153,72.721,71.007,77.70,-25.411,81.805,5.639,-0.072,70.637,68.578,75.40
00:12.588,-21.68,81.583,5.260,-0.085,65.545,64.848,72.62,-30.077,81.83,5.781,-0.083,73.007,73.243,78.82,-29.615,82,5.711,-0.128,72.646,72.781,78.52,-28.076,82.21,5.641,-0.071,71.314,71.242,77.62,-24.479,81.824,5.455,-0.084,69.081,67.646,74.77,-22.89,81.88,5.540,-0.033,66.986,66.057,73.68,-27.544,81.521,5.594,-0.122,72.160,70.710,76.62,-27.44,82.424,5.597,-0.102,71.327,70.606,77.32,0,0,0.009,-0.035,8.000,8.000,.00,-29.695,82.564,5.719,-0.151,74.315,72.861,79.02,-28.393,82.499,5.541,-0.151,73.824,71.559,78.04,-25.838,81.728,5.627,-0.074,70.637,69.005,75.81
00:12.688,-22.129,81.636,5.255,-0.083,65.545,65.296,73.02,-30.519,81.787,5.778,-0.080,73.007,73.685,79.13,-30.052,82.003,5.699,-0.128,73.810,73.218,78.92,-28.571,82.196,5.630,-0.073,72.451,71.737,77.98,-25.008,81.882,5.440,-0.087,69.081,68.175,75.17,-23.406,81.906,5.530,-0.037,66.986,66.573,74.08,-28.091,81.528,5.580,-0.123,72.160,71.257,77.12,-27.938,82.444,5.584,-0.104,72.761,71.104,77.69,0,0,0.008,-0.033,8.000,8.000,.00,-30.241,82.562,5.702,-0.151,75.370,73.402,79.38,-29.081,82.484,5.530,-0.148,73.824,72.247,78.41,-26.34,81.695,5.616,-0.075,71.652,69.506,76.06
00:12.788,-22.64,81.681,5.250,-0.081,67.039,65.802,73.37,-31.119,81.775,5.775,-0.077,74.461,74.284,79.41,-30.562,81.961,5.687,-0.127,73.810,73.727,79.23,-29.084,82.153,5.620,-0.074,72.451,72.250,78.32,-25.562,81.929,5.425,-0.090,70.144,68.729,75.58,-23.938,81.956,5.519,-0.040,68.017,67.105,74.47,-28.688,81.604,5.565,-0.124,73.368,71.854,77.51,-28.445,82.435,5.570,-0.105,72.761,71.611,78.05,0,0,0.008,-0.031,8.000,8.000,.00,-30.706,82.581,5.686,-0.152,76.371,73.871,79.76,-29.665,82.513,5.519,-0.146,75.059,72.831,78.89,-26.881,81.664,5.606,-0.077,72.690,70.047,76.39
00:12.888,-23.215,81.706,5.245,-0.079,67.039,66.382,73.77,-31.488,81.786,5.772,-0.074,74.461,74.653,79.83,-31.067,81.905,5.675,-0.126,73.810,74.232,79.57,-29.586,82.145,5.609,-0.076,72.451,72.752,78.66,-26.098,81.959,5.410,-0.094,70.144,69.265,76.01,-24.443,81.97,5.509,-0.044,68.017,67.610,74.88,-29.154,81.635,5.550,-0.126,73.368,72.320,77.99,-28.951,82.414,5.557,-0.107,72.761,72.117,78.40,0,0,0.007,-0.029,8.000,8.000,.00,-31.172,82.629,5.669,-0.153,76.371,74.337,80.11,-30.269,82.475,5.507,-0.144,75.059,73.435,79.32,-27.453,81.704,5.595,-0.078,72.690,70.619,76.75
00:12.988,-23.836,81.643,5.240,-0.077,68.240,67.003,74.19,-31.964,81.79,5.769,-0.071,75.885,75.129,80.10,-31.609,81.944,5.663,-0.126,75.265,74.774,79.88,-30.177,82.145,5.599,-0.077,73.961,73.343,79.01,-26.6,81.951,5.395,-0.097,71.236,69.766,76.41,-24.982,81.95,5.498,-0.048,69.049,68.144,75.25,-29.634,81.6,5.535,-0.127,74.435,72.800,78.34,-29.407,82.327,5.544,-0.108,74.273,72.573,78.75,0,0,0.007,-0.028,8.000,8.000,.00,-31.703,82.648,5.653,-0.153,76.371,74.868,80.47,-30.694,82.401,5.496,-0.142,76.247,73.859,79.72,-28.005,81.723,5.585,-0.080,73.816,71.171,77.19
00:13.088,-24.365,81.608,5.233,-0.077,68.240,67.532,74.58,-32.461,81.808,5.762,-0.071,75.885,75.626,80.44,-32.204,81.958,5.655,-0.124,75.265,75.369,80.29,-30.82,82.138,5.590,-0.078,73.961,73.985,79.42,-27.135,81.931,5.383,-0.099,71.236,70.301,76.76,-25.507,81.882,5.488,-0.052,69.049,68.674,75.61,-30.181,81.591,5.528,-0.126,74.435,73.347,78.65,-29.913,82.355,5.531,-0.111,74.273,73.079,79.01,0,0,0.006,-0.027,8.000,8.000,.00,-32.253,82.649,5.639,-0.154,76.371,75.418,80.86,-31.173,82.331,5.490,-0.139,76.247,74.338,79.97,-28.566,81.757,5.574,-0.082,73.816,71.732,77.59
00:13.188,-24.962,81.597,5.224,-0.078,68.240,68.129,74.93,-32.989,81.837,5.752,-0.071,75.885,76.154,80.80,-32.79,82.021,5.639,-0.125,76.417,75.955,80.72,-31.325,82.144,5.578,-0.080,75.185,74.490,79.87,-27.607,81.931,5.375,-0.098,72.256,70.773,77.12,-26.045,81.874,5.474,-0.056,70.111,69.212,75.94,-30.671,81.559,5.520,-0.123,75.466,73.836,79.03,-30.484,82.382,5.518,-0.112,74.273,73.650,79.39,0,0,0.006,-0.025,8.000,8.000,.00,-32.752,82.636,5.624,-0.154,77.944,75.917,81.25,-31.71,82.352,5.479,-0.137,76.247,74.875,80.26,-29.085,81.759,5.561,-0.084,73.816,72.251,78.01
00:13.288,-25.47,81.615,5.215,-0.078,69.371,68.637,75.35,-33.725,81.808,5.743,-0.072,76.917,76.890,81.19,-33.242,82.027,5.624,-0.127,76.417,76.407,81.18,-31.832,82.13,5.566,-0.082,75.185,74.997,80.23,-28.145,82.006,5.366,-0.098,72.256,71.311,77.46,-26.561,81.946,5.460,-0.060,70.111,69.727,76.31,-31.232,81.604,5.511,-0.121,75.466,74.397,79.36,-31.052,82.408,5.504,-0.113,75.805,74.217,79.81,0,0,0.006,-0.024,8.000,8.000,.00,-33.355,82.604,5.610,-0.153,77.944,76.520,81.59,-32.34,82.409,5.468,-0.135,77.698,75.505,80.65,-29.516,81.74,5.548,-0.087,74.901,72.682,78.38
00:13.388,-25.956,81.652,5.206,-0.079,69.371,69.123,75.72,-34.433,81.802,5.734,-0.073,76.917,77.598,81.69,-33.714,81.999,5.609,-0.128,77.442,76.879,81.51,-32.345,82.082,5.553,-0.084,76.208,75.510,80.58,-28.704,82.05,5.358,-0.097,73.285,71.870,77.89,-27.096,81.999,5.447,-0.065,71.173,70.262,76.73,-31.793,81.588,5.503,-0.119,76.512,74.958,79.79,-31.542,82.418,5.491,-0.114,75.805,74.707,80.23,0,0,0.005,-0.023,8.000,8.000,.00,-33.874,82.581,5.595,-0.153,79.026,77.039,82.00,-32.825,82.469,5.456,-0.134,77.698,75.990,81.14,-30.056,81.736,5.535,-0.089,74.901,73.222,78.67
00:13.488,-26.448,81.643,5.197,-0.079,69.371,69.614,76.09,-35.044,81.798,5.724,-0.074,78.360,78.208,82.19,-34.181,81.979,5.594,-0.129,77.442,77.346,81.82,-32.808,82.021,5.541,-0.086,76.208,75.973,80.91,-29.234,82.135,5.349,-0.096,73.285,72.400,78.31,-27.606,82.037,5.433,-0.069,71.173,70.772,77.14,-32.31,81.627,5.495,-0.116,76.512,75.475,80.17,-32.124,82.386,5.478,-0.115,76.863,75.289,80.58,0,0,0.005,-0.021,8.000,8.000,.00,-34.326,82.576,5.581,-0.152,79.026,77.491,82.35,-33.415,82.487,5.445,-0.132,78.814,76.580,81.53,-30.553,81.761,5.522,-0.091,74.901,73.718,79.05
00:13.588,-26.961,81.626,5.187,-0.080,70.857,70.127,76.43,-35.85,81.78,5.692,-0.086,78.360,79.014,82.62,-34.801,81.947,5.577,-0.129,77.442,77.966,82.14,-33.359,82.007,5.529,-0.087,76.208,76.524,81.20,-29.631,82.134,5.347,-0.093,74.380,72.797,78.75,-28.12,82.016,5.418,-0.073,72.221,71.286,77.53,-32.731,81.601,5.486,-0.115,77.590,75.896,80.57,-32.687,82.327,5.471,-0.113,76.863,75.852,80.97,0,0,0.005,-0.020,8.000,8.000,.00,-34.913,82.623,5.568,-0.151,79.026,78.080,82.66,-34.024,82.475,5.439,-0.128,78.814,77.189,81.96,-31.106,81.786,5.506,-0.095,76.369,74.273,79.42
00:13.688,-27.53,81.597,5.185,-0.077,70.857,70.696,76.78,-36.522,81.789,5.664,-0.096,79.795,79.686,83.18,-35.413,81.96,5.563,-0.130,78.993,78.577,82.55,-33.979,81.994,5.521,-0.086,77.742,77.144,81.58,-30.088,82.119,5.345,-0.089,74.380,73.254,79.03,-28.624,81.998,5.402,-0.077,72.221,71.790,77.88,-33.247,81.601,5.476,-0.114,77.590,76.412,80.84,-33.181,82.286,5.464,-0.110,78.014,76.346,81.33,0,0,0.004,-0.019,8.000,8.000,.00,-35.478,82.627,5.554,-0.150,80.584,78.642,83.11,-34.393,82.472,5.433,-0.124,80.013,77.558,82.38,-31.686,81.803,5.490,-0.098,76.369,74.851,79.83
00:13.788,-28.085,81.594,5.183,-0.074,71.940,71.251,77.16,-36.984,81.79,5.637,-0.106,80.906,80.148,83.66,-36.019,81.952,5.548,-0.130,80.215,79.183,83.00,-34.557,81.946,5.513,-0.085,78.927,77.722,82.01,-30.571,82.11,5.343,-0.085,75.707,73.736,79.34,-29.168,81.969,5.387,-0.081,73.240,72.334,78.22,-33.701,81.569,5.467,-0.113,78.972,76.866,81.21,-33.698,82.278,5.457,-0.108,78.014,76.863,81.65,0,0,0.004,-0.018,8.000,8.000,.00,-36.011,82.636,5.541,-0.149,81.677,79.175,83.51,-34.894,82.461,5.427,-0.121,80.013,78.059,82.64,-32.284,81.817,5.474,-0.101,77.502,75.449,80.25
00:13.888,-28.629,81.61,5.181,-0.070,71.940,71.795,77.55,-37.611,81.757,5.609,-0.116,80.906,80.775,83.99,-36.492,81.957,5.533,-0.131,80.215,79.656,83.42,-35.035,81.889,5.505,-0.085,78.927,78.199,82.38,-31.106,82.131,5.341,-0.081,75.707,74.271,79.68,-29.704,82.019,5.372,-0.085,73.240,72.870,78.59,-34.263,81.608,5.458,-0.111,78.972,77.428,81.51,-34.295,82.288,5.450,-0.106,78.014,77.460,82.01,0,0,0.004,-0.017,8.000,8.000,.00,-36.52,82.6,5.527,-0.148,81.677,79.684,83.90,-35.427,82.495,5.421,-0.117,80.013,78.591,82.98,-32.795,81.769,5.458,-0.105,77.502,75.960,80.68
00:13.988,-29.108,81.662,5.179,-0.067,73.039,72.274,77.95,-38.151,81.743,5.582,-0.125,80.906,81.315,84.41,-36.967,81.899,5.519,-0.131,80.215,80.131,83.76,-35.496,81.855,5.497,-0.084,78.927,78.660,82.68,-31.687,82.179,5.339,-0.078,75.707,74.852,80.07,-30.238,82.07,5.357,-0.089,74.320,73.404,79.00,-34.841,81.56,5.449,-0.110,78.972,78.006,81.93,-34.851,82.323,5.443,-0.103,79.619,78.016,82.44,0,0,0.003,-0.016,8.000,8.000,.00,-37.185,82.557,5.514,-0.147,81.677,80.349,84.23,-35.979,82.539,5.415,-0.113,81.422,79.143,83.38,-33.26,81.757,5.442,-0.108,78.611,76.425,81.01
00:14.088,-29.613,81.674,5.182,-0.064,73.039,72.779,78.33,-38.496,81.744,5.578,-0.125,82.078,81.660,84.78,-37.417,81.866,5.513,-0.131,80.215,80.581,84.05,-35.953,81.843,5.495,-0.084,78.927,79.117,82.98,-32.3,82.2,5.336,-0.077,76.835,75.465,80.52,-30.728,82.146,5.351,-0.090,74.320,73.893,79.41,-35.273,81.581,5.439,-0.113,80.122,78.437,82.31,-35.3,82.266,5.441,-0.101,79.619,78.464,82.85,0,0,0.003,-0.016,8.000,8.000,.00,-37.688,82.523,5.509,-0.147,82.858,80.852,84.67,-36.365,82.594,5.409,-0.114,81.422,79.529,83.80,-33.73,81.736,5.437,-0.108,78.611,76.895,81.33
00:14.188,-30.067,81.663,5.185,-0.061,73.039,73.233,78.69,-39.151,81.718,5.575,-0.124,82.078,82.315,85.02,-37.843,81.891,5.508,-0.131,81.620,81.007,84.35,-36.517,81.84,5.492,-0.083,80.337,79.681,83.29,-32.841,82.204,5.333,-0.077,76.835,76.006,80.96,-31.215,82.13,5.345,-0.092,75.351,74.380,79.81,-35.876,81.556,5.430,-0.116,80.122,79.040,82.63,-35.825,82.253,5.439,-0.099,80.625,78.989,83.13,0,0,0.003,-0.015,8.000,8.000,.00,-38.216,82.513,5.504,-0.146,82.858,81.380,85.00,-36.911,82.557,5.403,-0.114,81.422,80.075,84.12,-34.293,81.764,5.432,-0.108,78.611,77.458,81.65
00:14.288,-30.579,81.681,5.189,-0.057,74.476,73.744,79.01,-39.75,81.738,5.571,-0.123,83.079,82.913,85.47,-38.47,81.913,5.502,-0.131,81.620,81.634,84.66,-37.138,81.855,5.490,-0.082,80.337,80.302,83.69,-33.316,82.14,5.329,-0.076,77.989,76.481,81.35,-31.684,82.086,5.339,-0.093,75.351,74.849,80.15,-36.357,81.601,5.419,-0.119,81.158,79.521,83.04,-36.361,82.242,5.436,-0.097,80.625,79.525,83.49,0,0,0.003,-0.015,8.000,8.000,.00,-38.736,82.559,5.498,-0.145,83.895,81.900,85.37,-37.325,82.505,5.396,-0.115,82.901,80.489,84.48,-34.902,81.768,5.427,-0.108,80.109,78.062,82.06
00:14.387,-31.116,81.661,5.193,-0.053,74.476,74.281,79.38,-40.024,81.774,5.567,-0.123,83.079,83.187,85.90,-39.162,81.909,5.495,-0.131,82.674,82.326,85.12,-37.733,81.865,5.486,-0.081,81.522,80.897,84.14,-33.833,82.114,5.325,-0.075,77.989,76.998,81.64,-32.107,82.052,5.332,-0.094,75.351,75.272,80.45,-36.864,81.661,5.407,-0.122,81.158,80.028,83.41,-36.978,82.256,5.434,-0.095,81.685,80.142,83.86,0,0,0.003,-0.014,8.000,8.000,.00,-39.349,82.593,5.492,-0.143,83.895,82.512,85.77,-37.852,82.498,5.388,-0.116,82.901,81.016,84.73,-35.412,81.802,5.421,-0.108,80.109,78.576,82.50
00:14.488,-31.628,81.683,5.197,-0.048,75.525,74.793,79.75,-40.389,81.763,5.563,-0.122,83.079,83.552,86.12,-39.677,81.935,5.487,-0.131,82.674,82.840,85.61,-38.355,81.869,5.483,-0.080,81.522,81.519,84.57,-34.379,82.107,5.321,-0.075,77.989,77.544,81.99,-32.621,82.049,5.324,-0.096,76.732,75.786,80.72,-37.309,81.727,5.394,-0.126,81.158,80.473,83.81,-37.591,82.25,5.430,-0.093,81.685,80.755,84.31,0,0,0.003,-0.014,8.000,8.000,.00,-39.864,82.585,5.485,-0.142,85.024,83.027,86.23,-38.402,82.485,5.380,-0.117,82.901,81.566,85.10,-35.921,81.773,5.415,-0.108,81.228,79.085,82.88
00:14.588,-32.149,81.703,5.202,-0.043,75.525,75.314,80.12,-40.734,81.743,5.558,-0.121,84.316,83.897,86.37,-40.136,81.969,5.479,-0.131,83.881,83.299,85.99,-38.93,81.836,5.479,-0.079,82.740,82.094,85.01,-34.971,82.109,5.319,-0.073,79.531,78.135,82.37,-33.145,82.05,5.319,-0.097,76.732,76.310,81.08,-37.92,81.722,5.387,-0.127,82.601,81.084,84.17,-38.154,82.281,5.431,-0.090,82.916,81.318,84.74,0,0,0.002,-0.013,8.000,8.000,.00,-40.283,82.56,5.482,-0.141,85.024,83.446,86.58,-38.979,82.495,5.373,-0.118,84.393,82.143,85.48,-36.458,81.773,5.412,-0.108,81.228,79.622,83.22
00:14.688,-32.645,81.753,5.200,-0.043,76.558,75.810,80.51,-41.136,81.746,5.558,-0.119,84.316,84.299,86.60,-40.678,81.897,5.474,-0.131,83.881,83.841,86.34,-39.415,81.785,5.476,-0.079,82.740,82.578,85.39,-35.601,82.106,5.317,-0.072,79.531,78.765,82.79,-33.657,82.092,5.313,-0.098,77.770,76.822,81.46,-38.382,81.721,5.379,-0.128,82.601,81.546,84.60,-38.752,82.293,5.431,-0.087,82.916,81.916,85.16,0,0,0.002,-0.013,8.000,8.000,.00,-40.752,82.563,5.478,-0.139,85.024,83.915,86.86,-39.566,82.524,5.366,-0.119,84.393,82.729,85.90,-36.945,81.727,5.408,-0.108,82.274,80.109,83.60
00:14.788,-33.106,81.747,5.197,-0.043,76.558,76.271,80.89,-41.473,81.801,5.559,-0.116,85.395,84.636,86.89,-41.086,81.893,5.468,-0.131,84.882,84.249,86.67,-39.862,81.854,5.472,-0.079,83.803,83.025,85.70,-36.242,82.165,5.315,-0.071,80.753,79.406,83.23,-34.147,82.145,5.306,-0.100,77.770,77.312,81.85,-38.947,81.681,5.371,-0.129,83.674,82.111,84.93,-39.374,82.274,5.432,-0.083,84.077,82.537,85.59,0,0,0.002,-0.013,8.000,8.000,.00,-41.376,82.478,5.474,-0.137,86.432,84.539,87.20,-40.055,82.564,5.358,-0.120,85.557,83.218,86.33,-37.262,81.73,5.404,-0.107,82.274,80.426,83.91
00:14.888,-33.52,81.735,5.195,-0.044,76.558,76.685,81.21,-41.957,81.819,5.559,-0.114,85.395,85.120,87.17,-41.616,81.938,5.461,-0.130,84.882,84.779,86.96,-40.72,82.005,5.468,-0.079,83.803,83.883,86.07,-36.748,82.158,5.313,-0.069,80.753,79.912,83.73,-34.613,82.057,5.299,-0.101,77.770,77.778,82.23,-39.449,81.567,5.361,-0.131,83.674,82.612,85.30,-39.827,82.233,5.432,-0.080,84.077,82.990,86.02,0,0,0.002,-0.012,8.000,8.000,.00,-41.96,82.426,5.469,-0.136,86.432,85.123,87.58,-40.35,82.572,5.349,-0.122,85.557,83.513,86.70,-37.674,81.796,5.399,-0.107,82.274,80.838,84.14
00:14.988,-34.026,81.681,5.191,-0.044,77.929,77.191,81.50,-42.207,81.931,5.560,-0.110,85.395,85.370,87.52,-42.467,82.024,5.454,-0.130,84.882,85.630,87.37,-41.849,82.129,5.463,-0.078,85.126,85.012,86.78,-37.132,82.035,5.310,-0.067,81.901,80.296,84.08,-34.983,81.954,5.290,-0.103,79.238,78.147,82.50,-40.051,81.751,5.350,-0.132,84.751,83.214,85.57,-40.487,82.215,5.433,-0.075,85.152,83.650,86.31,0,0,0.002,-0.012,8.000,8.000,.00,-42.339,82.548,5.464,-0.133,87.648,85.502,87.95,-40.697,82.537,5.338,-0.123,85.557,83.860,86.92,-38.358,81.856,5.394,-0.107,83.490,81.522,84.48
00:15.087,-34.517,81.726,5.188,-0.045,77.929,77.682,81.82,-43.208,81.935,5.544,-0.119,85.395,86.371,87.78,-43.132,82.111,5.445,-0.132,86.675,86.295,88.03,-43.154,82.107,5.460,-0.079,86.261,86.317,87.67,-37.371,82.094,5.317,-0.062,81.901,80.535,84.26,-35.504,81.9,5.284,-0.104,79.238,78.668,82.69,-40.898,81.82,5.348,-0.131,84.751,84.061,86.13,-41.438,82.307,5.436,-0.072,85.152,84.601,86.76,0,0,0.002,-0.011,8.000,8.000,.00,-42.951,82.635,5.463,-0.132,87.648,86.114,88.31,-41.741,82.426,5.334,-0.123,86.693,84.904,87.14,-39.002,81.878,5.387,-0.109,83.490,82.166,85.00
00:15.187,-35.209,81.809,5.184,-0.046,77.929,78.373,82.20,-43.708,81.953,5.525,-0.128,87.140,86.870,88.49,-43.878,82.003,5.436,-0.135,86.675,87.040,88.56,-43.161,82.107,5.455,-0.079,87.567,86.324,88.57,-37.769,82.091,5.324,-0.057,81.901,80.933,84.47,-36.01,82.012,5.277,-0.106,79.238,79.174,83.02,-41.12,82.032,5.346,-0.129,86.222,84.283,86.77,-42.354,82.319,5.440,-0.068,86.766,85.517,87.50,0,0,0.002,-0.011,8.000,8.000,.00,-43.958,82.674,5.461,-0.130,88.660,87.120,88.80,-42.208,82.529,5.328,-0.123,87.742,85.371,87.80,-39.404,81.777,5.379,-0.111,84.825,82.567,85.48
