,ID 6,ID 6,ID 6,ID 6,ID 6,ID 6,ID 6,ID 7,ID 7,ID 7,ID 7,ID 7,ID 7,ID 7,ID 8,ID 8,ID 8,ID 8,ID 8,ID 8,ID 8,ID 9,ID 9,ID 9,ID 9,ID 9,ID 9,ID 9,ID 10,ID 10,ID 10,ID 10,ID 10,ID 10,ID 10,ID 11,ID 11,ID 11,ID 11,ID 11,ID 11,ID 11,ID 12,ID 12,ID 12,ID 12,ID 12,ID 12,ID 12,ID 13,ID 13,ID 13,ID 13,ID 13,ID 13,ID 13
,ZUCCARINI,ZUCCARINI,ZUCCARINI,ZUCCARINI,ZUCCARINI,ZUCCARINI,ZUCCARINI,CAPASSO,CAPASSO,CAPASSO,CAPASSO,CAPASSO,CAPASSO,CAPASSO,PASCALI,PASCALI,PASCALI,PASCALI,PASCALI,PASCALI,PASCALI,DE BONIS,DE BONIS,DE BONIS,DE BONIS,DE BONIS,DE BONIS,DE BONIS,GRESTA,GRESTA,GRESTA,GRESTA,GRESTA,GRESTA,GRESTA,GHERGO,GHERGO,GHERGO,GHERGO,GHERGO,GHERGO,GHERGO,SIMONELLI,SIMONELLI,SIMONELLI,SIMONELLI,SIMONELLI,SIMONELLI,SIMONELLI,CAMILLI,CAMILLI,CAMILLI,CAMILLI,CAMILLI,CAMILLI,CAMILLI
Time,X,Y,Speed,Accel,Distance,PathDist,ToRail,X,Y,Speed,Accel,Distance,PathDist,ToRail,X,Y,Speed,Accel,Distance,PathDist,ToRail,X,Y,Speed,Accel,Distance,PathDist,ToRail,X,Y,Speed,Accel,Distance,PathDist,ToRail,X,Y,Speed,Accel,Distance,PathDist,ToRail,X,Y,Speed,Accel,Distance,PathDist,ToRail,X,Y,Speed,Accel,Distance,PathDist,ToRail
00:00.000,0,0,0.000,0.000,3.491,3.491,.00,0,0,0.000,0.000,3.490,3.490,.00,0,0,0.000,0.000,3.490,3.490,.00,0,0,0.000,0.000,3.490,3.490,.00,0,0,0.000,0.000,3.490,3.490,.00,0,0,0.000,0.000,3.490,3.490,.00,0,0,0.000,0.000,3.491,3.491,.00,0,0,0.000,0.000,3.490,3.490,.00
00:00.000,0,0,0.000,0.000,3.491,3.491,.00,0,0,0.000,0.000,3.490,3.490,.00,0,0,0.000,0.000,3.490,3.490,.00,0,0,0.000,0.000,3.490,3.490,.00,0,0,0.000,0.000,3.490,3.490,.00,0,0,0.000,0.000,3.490,3.490,.00,0,0,0.000,0.000,3.491,3.491,.00,0,0,0.000,0.000,3.490,3.490,.00
00:00.611,0,0,0.000,0.000,4.062,4.062,.00,0,0,0.000,0.000,4.062,4.062,.00,0,0,0.000,0.000,4.062,4.062,.00,0,0,0.000,0.000,4.061,4.061,.00,0,0,0.000,0.000,4.062,4.062,.00,0,0,0.000,0.000,4.062,4.062,.00,0,0,0.000,0.000,4.062,4.062,.00,0,0,0.000,0.000,4.062,4.062,.00
00:00.711,0,0,0.500,0.000,4.062,4.633,.00,0,0,0.500,0.000,4.062,4.633,.00,0,0,0.500,0.000,4.062,4.633,.00,0,0,0.500,0.000,4.061,4.633,.00,0,0,0.500,0.000,4.062,4.633,.00,0,0,0.500,0.000,4.062,4.633,.00,0,0,0.500,0.000,4.062,4.633,.00,0,0,0.500,0.000,4.062,4.634,.00
00:00.711,0,0,1.200,0.000,4.062,4.633,.00,0,0,1.200,0.000,4.062,4.633,.00,0,0,1.200,0.000,4.062,4.633,.00,0,0,1.200,0.000,4.061,4.633,.00,0,0,1.200,0.000,4.062,4.633,.00,0,0,1.200,0.000,4.062,4.633,.00,0,0,1.200,0.000,4.062,4.633,.00,0,0,1.200,0.000,4.062,4.634,.00
00:00.711,0,0,1.952,0.000,4.062,4.633,.00,0,0,1.952,0.000,4.062,4.633,.00,0,0,1.952,0.000,4.062,4.633,.00,0,0,1.952,0.000,4.061,4.633,.00,0,0,1.952,0.000,4.062,4.633,.00,0,0,1.952,0.000,4.062,4.633,.00,0,0,1.952,0.000,4.062,4.633,.00,0,0,1.953,0.000,4.062,4.634,.00
00:00.811,0,0,2.490,0.000,4.062,5.205,.00,0,0,2.490,0.000,4.062,5.205,.00,0,0,2.489,0.000,4.062,5.204,.00,0,0,2.490,0.000,4.061,5.205,.00,0,0,2.490,0.000,4.062,5.205,.00,0,0,2.490,0.000,4.062,5.205,.00,0,0,2.489,0.000,4.062,5.205,.00,0,0,2.490,0.000,4.062,5.205,.00
00:00.911,0,0,2.893,0.000,4.062,5.776,.00,0,0,2.893,0.000,4.062,5.776,.00,0,0,2.892,0.000,4.062,5.777,.00,0,0,2.893,0.000,4.061,5.777,.00,0,0,2.893,0.000,4.062,5.776,.00,0,0,2.893,0.000,4.062,5.776,.00,0,0,2.892,0.000,4.062,5.776,.00,0,0,2.893,0.000,4.062,5.776,.00
00:00.911,0,0,3.206,0.000,4.062,5.776,.00,0,0,3.206,0.000,4.062,5.776,.00,0,0,3.205,0.000,4.062,5.777,.00,0,0,3.206,0.000,4.061,5.777,.00,0,0,3.206,0.000,4.062,5.776,.00,0,0,3.206,0.000,4.062,5.776,.00,0,0,3.205,0.000,4.062,5.776,.00,0,0,3.207,0.000,4.062,5.776,.00
00:00.911,0,0,3.457,0.000,4.062,5.776,.00,0,0,3.457,0.000,4.062,5.776,.00,0,0,3.456,0.000,4.062,5.777,.00,0,0,3.457,0.000,4.061,5.777,.00,0,0,3.457,0.000,4.062,5.776,.00,0,0,3.457,0.000,4.062,5.776,.00,0,0,3.456,0.000,4.062,5.776,.00,0,0,3.458,-0.001,4.062,5.776,.00
00:01.011,0,0,3.662,0.000,4.062,6.347,.00,0,0,3.662,0.000,4.062,6.348,.00,0,0,3.661,0.000,4.062,6.348,.00,0,0,3.662,0.000,4.061,6.348,.00,0,0,3.662,-0.001,4.062,6.347,.00,0,0,3.662,-0.001,4.062,6.348,.00,0,0,3.661,0.000,4.062,6.347,.00,0,0,3.663,-0.001,4.062,6.347,.00
00:01.111,0,0,3.833,0.000,4.062,6.919,.00,0,0,3.833,0.000,4.062,6.919,.00,0,0,3.832,0.000,4.062,6.919,.00,0,0,3.833,0.000,4.061,6.919,.00,0,0,3.833,-0.001,4.062,6.919,.00,0,0,3.833,-0.001,4.062,6.919,.00,0,0,3.832,0.000,4.062,6.919,.00,0,0,3.834,-0.001,4.062,6.919,.00
00:01.111,0,0,3.978,0.000,4.062,6.919,.00,0,0,3.978,0.000,4.062,6.919,.00,0,0,3.977,0.000,4.062,6.919,.00,0,0,3.887,-0.045,4.061,6.919,.00,0,0,3.887,-0.046,4.062,6.919,.00,0,0,3.887,-0.046,4.062,6.919,.00,0,0,3.886,-0.045,4.062,6.919,.00,0,0,3.888,-0.046,4.062,6.919,.00
00:01.111,0,0,4.018,-0.042,4.062,6.919,.00,0,0,4.018,-0.042,4.062,6.919,.00,0,0,4.017,-0.042,4.062,6.919,.00,0,0,3.934,-0.084,4.061,6.919,.00,0,0,3.934,-0.085,4.062,6.919,.00,0,0,3.934,-0.085,4.062,6.919,.00,0,0,3.933,-0.084,4.062,6.919,.00,0,0,3.935,-0.085,4.062,6.919,.00
00:01.211,0,0,4.053,-0.078,4.062,7.491,.00,0,0,4.053,-0.078,4.062,7.491,.00,0,0,4.052,-0.078,4.062,7.490,.00,0,0,3.974,-0.117,4.061,7.491,.00,0,0,3.974,-0.118,4.062,7.490,.00,0,0,3.974,-0.118,4.062,7.490,.00,0,0,3.973,-0.117,4.062,7.490,.00,0,0,3.975,-0.118,4.062,7.491,.00
00:01.311,0,0,4.083,-0.110,4.062,8.000,.00,0,0,4.083,-0.110,4.062,8.000,.00,0,0,4.082,-0.110,4.062,8.000,.00,0,0,4.010,-0.147,4.061,8.000,.00,0,0,4.009,-0.148,4.062,8.000,.00,0,0,4.009,-0.148,4.062,8.000,.00,0,0,4.009,-0.147,4.062,8.000,.00,0,0,4.010,-0.148,4.062,8.000,.00
00:01.311,0,0,4.110,-0.138,4.062,8.000,.00,0,0,4.110,-0.138,4.062,8.000,.00,0,0,4.109,-0.138,4.062,8.000,.00,0,0,4.041,-0.173,4.061,8.000,.00,0,0,4.041,-0.173,4.062,8.000,.00,0,0,4.041,-0.173,4.062,8.000,.00,0,0,4.040,-0.172,4.062,8.000,.00,0,0,4.042,-0.174,4.062,8.000,.00
00:01.311,0,0,4.134,-0.163,4.062,8.000,.00,0,0,4.071,-0.186,4.062,8.000,.00,0,0,4.070,-0.186,4.062,8.000,.00,0,0,4.005,-0.219,4.061,8.000,.00,0,0,4.005,-0.220,4.062,8.000,.00,0,0,4.005,-0.220,4.062,8.000,.00,0,0,4.005,-0.219,4.062,8.000,.00,0,0,4.006,-0.220,4.062,8.000,.00
00:01.411,0,0,4.095,-0.207,8.000,8.000,.00,0,0,4.036,-0.230,8.000,8.000,.00,0,0,4.035,-0.229,8.000,8.000,.00,0,0,3.974,-0.260,8.000,8.000,.00,0,0,3.974,-0.261,8.000,8.000,.00,0,0,3.974,-0.261,8.000,8.000,.00,0,0,3.973,-0.260,8.000,8.000,.00,0,0,3.975,-0.261,8.000,8.000,.00
00:01.511,0,0,4.061,-0.247,8.000,8.000,.00,0,0,4.004,-0.268,8.000,8.000,.00,0,0,4.003,-0.268,8.000,8.000,.00,0,0,3.945,-0.298,8.000,8.000,.00,0,0,3.945,-0.299,8.000,8.000,.00,0,0,3.945,-0.299,8.000,8.000,.00,0,0,3.945,-0.297,8.000,8.000,.00,0,0,3.946,-0.299,8.000,8.000,.00
00:01.511,0,0,4.029,-0.284,8.000,8.000,.00,0,0,3.975,-0.304,8.000,8.000,.00,0,0,3.975,-0.303,8.000,8.000,.00,0,0,3.919,-0.332,8.000,8.000,.00,0,0,3.919,-0.332,8.000,8.000,.00,0,0,3.919,-0.332,8.000,8.000,.00,0,0,3.919,-0.331,8.000,8.000,.00,0,0,3.920,-0.332,8.000,8.000,.00
00:01.511,0,0,4.001,-0.317,8.000,8.000,.00,0,0,3.949,-0.336,8.000,8.000,.00,0,0,3.949,-0.335,8.000,8.000,.00,0,0,3.896,-0.362,8.000,8.000,.00,0,0,3.896,-0.363,8.000,8.000,.00,0,0,3.896,-0.363,8.000,8.000,.00,0,0,3.895,-0.362,8.000,8.000,.00,0,0,3.897,-0.363,8.000,8.000,.00
00:01.611,0,0,3.975,-0.347,8.000,8.000,.00,0,0,3.926,-0.365,8.000,8.000,.00,0,0,3.925,-0.364,8.000,8.000,.00,0,0,3.875,-0.390,8.000,8.000,.00,0,0,3.874,-0.391,8.000,8.000,.00,0,0,3.874,-0.391,8.000,8.000,.00,0,0,3.837,-0.397,8.000,8.000,.00,0,0,3.838,-0.399,8.000,8.000,.00
00:01.711,0,0,3.916,-0.381,8.000,8.000,.00,0,0,3.869,-0.399,8.000,8.000,.00,0,0,3.868,-0.398,8.000,8.000,.00,0,0,3.820,-0.423,8.000,8.000,.00,0,0,3.819,-0.424,8.000,8.000,.00,0,0,3.819,-0.424,8.000,8.000,.00,0,0,3.784,-0.430,8.000,8.000,.00,0,0,3.785,-0.431,8.000,8.000,.00
00:01.711,0,0,3.861,-0.413,8.000,8.000,.00,0,0,3.816,-0.430,8.000,8.000,.00,0,0,3.815,-0.430,8.000,8.000,.00,0,0,3.769,-0.453,8.000,8.000,.00,0,0,3.769,-0.454,8.000,8.000,.00,0,0,3.769,-0.454,8.000,8.000,.00,0,0,3.734,-0.460,8.000,8.000,.00,0,0,3.736,-0.461,8.000,8.000,.00
00:01.811,0,0,3.963,-0.460,8.000,8.000,.00,0,0,3.918,-0.477,8.000,8.000,.00,0,0,3.917,-0.477,8.000,8.000,.00,0,0,3.871,-0.501,8.000,8.000,.00,0,0,3.871,-0.502,8.000,8.000,.00,0,0,3.871,-0.502,8.000,8.000,.00,0,0,3.836,-0.507,8.000,8.000,.00,0,0,3.838,-0.509,8.000,8.000,.00
00:01.911,0,0,4.066,-0.508,8.000,8.000,.00,0,0,4.020,-0.524,8.000,8.000,.00,0,0,4.020,-0.524,8.000,8.000,.00,0,0,3.973,-0.548,8.000,8.000,.00,0,0,3.973,-0.549,8.000,8.000,.00,0,0,3.973,-0.549,8.000,8.000,.00,0,0,3.939,-0.554,8.000,8.000,.00,0,0,3.940,-0.556,8.000,8.000,.00
00:02.011,0,0,4.142,-0.556,8.000,8.000,.00,0,0,4.097,-0.573,8.000,8.000,.00,0,0,4.096,-0.572,8.000,8.000,.00,0,0,4.050,-0.596,8.000,8.000,.00,0,0,4.050,-0.597,8.000,8.000,.00,0,0,4.050,-0.597,8.000,8.000,.00,0,0,4.015,-0.602,8.000,8.000,.00,0,0,4.016,-0.604,8.000,8.000,.00
00:02.111,0,0,4.139,-0.604,8.000,8.000,.00,0,0,4.093,-0.621,8.000,8.000,.00,0,0,4.093,-0.620,8.000,8.000,.00,0,0,4.046,-0.644,8.000,8.000,.00,0,0,4.046,-0.645,8.000,8.000,.00,0,0,4.046,-0.645,8.000,8.000,.00,0,0,4.012,-0.650,8.000,8.000,.00,0,0,4.013,-0.652,8.000,8.000,.00
00:02.211,0,0,4.055,-0.652,8.000,8.000,.00,0,0,4.010,-0.669,8.000,8.000,.00,0,0,4.009,-0.668,8.000,8.000,.00,0,0,3.963,-0.692,8.000,8.000,.00,0,0,3.963,-0.693,8.000,8.000,.00,0,0,3.963,-0.693,8.000,8.000,.00,0,0,3.928,-0.699,8.000,8.000,.00,0,0,3.930,-0.701,8.000,8.000,.00
00:02.311,0,0,3.903,-0.700,8.000,8.000,.00,0,0,3.858,-0.717,8.000,8.000,.00,0,0,3.857,-0.716,8.000,8.000,.00,0,0,3.811,-0.741,8.000,8.000,.00,0,0,3.811,-0.741,8.000,8.000,.00,0,0,3.811,-0.741,8.000,8.000,.00,0,0,3.776,-0.747,8.000,8.000,.00,0,0,3.777,-0.749,8.000,8.000,.00
00:02.411,0,0,3.751,-0.748,8.000,8.000,.00,0,0,3.706,-0.765,8.000,8.000,.00,0,0,3.705,-0.764,8.000,8.000,.00,0,0,3.659,-0.789,8.000,8.000,.00,0,0,3.659,-0.790,8.000,8.000,.00,0,0,3.659,-0.790,8.000,8.000,.00,0,0,3.624,-0.795,8.000,8.000,.00,0,0,3.625,-0.797,8.000,8.000,.00
00:02.511,0,0,3.580,-0.794,8.000,8.000,.00,0,0,3.535,-0.811,8.000,8.000,.00,0,0,3.534,-0.810,8.000,8.000,.00,0,0,3.488,-0.834,8.000,8.000,.00,0,0,3.488,-0.835,8.000,8.000,.00,0,0,3.488,-0.835,8.000,8.000,.00,0,0,3.453,-0.840,8.000,8.000,.00,0,0,3.454,-0.843,8.000,8.000,.00
00:02.611,0,0,3.409,-0.840,8.000,8.000,.00,0,0,3.364,-0.857,8.000,8.000,.00,0,0,3.363,-0.856,8.000,8.000,.00,0,0,3.317,-0.880,8.000,8.000,.00,0,0,3.316,-0.881,8.000,8.000,.00,0,0,3.316,-0.881,8.000,8.000,.00,0,0,3.282,-0.886,8.000,8.000,.00,0,0,3.283,-0.888,8.000,8.000,.00
00:02.711,0,0,3.238,-0.885,8.000,8.000,.00,0,0,3.192,-0.902,8.000,8.000,.00,0,0,3.192,-0.901,8.000,8.000,.00,0,0,3.145,-0.926,8.000,8.000,.00,0,0,3.145,-0.926,8.000,8.000,.00,0,0,3.145,-0.926,8.000,8.000,.00,0,0,3.111,-0.932,8.000,8.000,.00,0,0,3.112,-0.934,8.000,8.000,.00
00:02.811,0,0,3.067,-0.931,8.000,8.000,.00,0,0,3.021,-0.948,8.000,8.000,.00,0,0,3.021,-0.947,8.000,8.000,.00,0,0,2.974,-0.971,8.000,8.000,.00,0,0,2.974,-0.972,8.000,8.000,.00,0,0,2.974,-0.972,8.000,8.000,.00,0,0,2.940,-0.977,8.000,8.000,.00,0,0,2.941,-0.979,8.000,8.000,.00
00:02.911,0,0,2.895,-0.977,8.000,8.000,.00,0,0,2.850,-0.994,8.000,8.000,.00,0,0,2.850,-0.993,8.000,8.000,.00,0,0,2.803,-1.017,8.000,8.000,.00,0,0,2.803,-1.018,8.000,8.000,.00,0,0,2.803,-1.018,8.000,8.000,.00,0,0,2.769,-1.023,8.000,8.000,.00,0,0,2.769,-1.025,8.000,8.000,.00
00:03.011,0,0,2.710,-1.018,8.000,8.000,.00,0,0,2.665,-1.035,8.000,8.000,.00,0,0,2.665,-1.034,8.000,8.000,.00,0,0,2.665,-1.035,8.000,8.000,.00,0,0,2.665,-1.036,8.000,8.000,.00,0,0,2.665,-1.036,8.000,8.000,.00,0,0,2.630,-1.041,8.000,8.000,.00,0,0,2.631,-1.043,8.000,8.000,.00
00:03.111,0,0,2.571,-1.036,8.000,8.000,.00,0,0,2.526,-1.053,8.000,8.000,.00,0,0,2.526,-1.052,8.000,8.000,.00,0,0,2.526,-1.053,8.000,8.000,.00,0,0,2.526,-1.053,8.000,8.000,.00,0,0,2.526,-1.053,8.000,8.000,.00,0,0,2.492,-1.059,8.000,8.000,.00,0,0,2.492,-1.061,8.000,8.000,.00
00:03.211,0,0,2.433,-1.054,8.000,8.000,.00,0,0,2.387,-1.071,8.000,8.000,.00,0,0,2.387,-1.070,8.000,8.000,.00,0,0,2.387,-1.071,8.000,8.000,.00,0,0,2.387,-1.071,8.000,8.000,.00,0,0,2.387,-1.071,8.000,8.000,.00,0,0,2.353,-1.077,8.000,8.000,.00,0,0,2.354,-1.079,8.000,8.000,.00
00:03.311,0,0,2.294,-1.072,8.000,8.000,.00,0,0,2.249,-1.089,8.000,8.000,.00,0,0,2.249,-1.088,8.000,8.000,.00,0,0,2.249,-1.089,8.000,8.000,.00,0,0,2.249,-1.089,8.000,8.000,.00,0,0,2.249,-1.089,8.000,8.000,.00,0,0,2.215,-1.095,8.000,8.000,.00,0,0,2.215,-1.097,8.000,8.000,.00
00:03.411,0,0,2.156,-1.090,8.000,8.000,.00,0,0,2.110,-1.107,8.000,8.000,.00,0,0,2.110,-1.106,8.000,8.000,.00,0,0,2.110,-1.107,8.000,8.000,.00,0,0,2.110,-1.107,8.000,8.000,.00,0,0,2.110,-1.107,8.000,8.000,.00,0,0,2.076,-1.113,8.000,8.000,.00,0,0,2.077,-1.114,8.000,8.000,.00
00:03.511,0,0,2.017,-1.108,8.000,8.000,.00,0,0,2.017,-1.108,8.000,8.000,.00,0,0,2.017,-1.107,8.000,8.000,.00,0,0,2.017,-1.108,8.000,8.000,.00,0,0,2.017,-1.108,8.000,8.000,.00,0,0,2.017,-1.108,8.000,8.000,.00,0,0,1.983,-1.114,8.000,8.000,.00,0,0,1.983,-1.115,8.000,8.000,.00
00:03.611,0,0,1.913,-1.104,8.000,8.000,.00,0,0,1.913,-1.104,8.000,8.000,.00,0,0,1.913,-1.103,8.000,8.000,.00,0,0,1.913,-1.104,8.000,8.000,.00,0,0,1.913,-1.104,8.000,8.000,.00,0,0,1.913,-1.104,8.000,8.000,.00,0,0,1.879,-1.110,8.000,8.000,.00,0,0,1.880,-1.112,8.000,8.000,.00
00:03.711,0,0,1.810,-1.100,8.000,8.000,.00,0,0,1.810,-1.100,8.000,8.000,.00,0,0,1.810,-1.099,8.000,8.000,.00,0,0,1.810,-1.100,8.000,8.000,.00,0,0,1.810,-1.100,8.000,8.000,.00,0,0,1.810,-1.100,8.000,8.000,.00,0,0,1.776,-1.106,8.000,8.000,.00,0,0,1.776,-1.108,8.000,8.000,.00
00:03.811,0,0,1.706,-1.096,8.000,8.000,.00,0,0,1.706,-1.096,8.000,8.000,.00,0,0,1.706,-1.095,8.000,8.000,.00,0,0,1.706,-1.096,8.000,8.000,.00,0,0,1.706,-1.096,8.000,8.000,.00,0,0,1.706,-1.096,8.000,8.000,.00,0,0,1.672,-1.102,8.000,8.000,.00,0,0,1.672,-1.104,8.000,8.000,.00
00:03.911,0,0,1.602,-1.092,8.000,8.000,.00,0,0,1.602,-1.092,8.000,8.000,.00,0,0,1.602,-1.091,8.000,8.000,.00,0,0,1.602,-1.092,8.000,8.000,.00,0,0,1.602,-1.092,8.000,8.000,.00,0,0,1.602,-1.092,8.000,8.000,.00,0,0,1.568,-1.098,8.000,8.000,.00,0,0,1.568,-1.100,8.000,8.000,.00
00:04.011,0,0,1.498,-1.088,8.000,8.000,.00,0,0,1.498,-1.088,8.000,8.000,.00,0,0,1.498,-1.087,8.000,8.000,.00,0,0,1.498,-1.088,8.000,8.000,.00,0,0,1.498,-1.089,8.000,8.000,.00,0,0,1.490,-1.083,8.000,8.000,.00,0,0,1.490,-1.082,8.000,8.000,.00,0,0,1.490,-1.084,8.000,8.000,.00
00:04.111,0,0,1.420,-1.073,8.000,8.000,.00,0,0,1.420,-1.073,8.000,8.000,.00,0,0,1.420,-1.072,8.000,8.000,.00,0,0,1.420,-1.073,8.000,8.000,.00,0,0,1.420,-1.073,8.000,8.000,.00,0,0,1.412,-1.068,8.000,8.000,.00,0,0,1.412,-1.066,8.000,8.000,.00,0,0,1.412,-1.068,8.000,8.000,.00
00:04.211,0,0,1.342,-1.057,8.000,8.000,.00,0,0,1.342,-1.057,8.000,8.000,.00,0,0,1.342,-1.056,8.000,8.000,.00,0,0,1.342,-1.057,8.000,8.000,.00,0,0,1.342,-1.057,8.000,8.000,.00,0,0,1.334,-1.052,8.000,8.000,.00,0,0,1.334,-1.051,8.000,8.000,.00,0,0,1.334,-1.052,8.000,8.000,.00
00:04.311,0,0,1.264,-1.041,8.000,8.000,.00,0,0,1.264,-1.041,8.000,8.000,.00,0,0,1.264,-1.040,8.000,8.000,.00,0,0,1.264,-1.041,8.000,8.000,.00,0,0,1.264,-1.041,8.000,8.000,.00,0,0,1.256,-1.036,8.000,8.000,.00,0,0,1.256,-1.035,8.000,8.000,.00,0,0,1.256,-1.036,8.000,8.000,.00
00:04.411,0,0,1.186,-1.025,8.000,8.000,.00,0,0,1.186,-1.025,8.000,8.000,.00,0,0,1.186,-1.024,8.000,8.000,.00,0,0,1.186,-1.025,8.000,8.000,.00,0,0,1.186,-1.025,8.000,8.000,.00,0,0,1.178,-1.020,8.000,8.000,.00,0,0,1.178,-1.019,8.000,8.000,.00,0,0,1.178,-1.020,8.000,8.000,.00
00:04.511,0,0,1.134,-1.008,8.000,8.000,.00,0,0,1.134,-1.008,8.000,8.000,.00,0,0,1.134,-1.007,8.000,8.000,.00,0,0,1.134,-1.008,8.000,8.000,.00,0,0,1.134,-1.008,8.000,8.000,.00,0,0,1.126,-1.003,8.000,8.000,.00,0,0,1.126,-1.002,8.000,8.000,.00,0,0,1.126,-1.003,8.000,8.000,.00
00:04.611,0,0,1.075,-0.986,8.000,8.000,.00,0,0,1.075,-0.986,8.000,8.000,.00,0,0,1.075,-0.985,8.000,8.000,.00,0,0,1.075,-0.986,8.000,8.000,.00,0,0,1.075,-0.986,8.000,8.000,.00,0,0,1.067,-0.981,8.000,8.000,.00,0,0,1.067,-0.980,8.000,8.000,.00,0,0,1.067,-0.981,8.000,8.000,.00
00:04.711,0,0,1.017,-0.965,8.000,8.000,.00,0,0,1.017,-0.965,8.000,8.000,.00,0,0,1.017,-0.964,8.000,8.000,.00,0,0,1.017,-0.965,8.000,8.000,.00,0,0,1.017,-0.965,8.000,8.000,.00,0,0,1.009,-0.960,8.000,8.000,.00,0,0,1.009,-0.959,8.000,8.000,.00,0,0,1.009,-0.960,8.000,8.000,.00
00:04.811,0,0,0.959,-0.943,8.000,8.000,.00,0,0,0.959,-0.943,8.000,8.000,.00,0,0,0.959,-0.942,8.000,8.000,.00,0,0,0.959,-0.943,8.000,8.000,.00,0,0,0.959,-0.943,8.000,8.000,.00,0,0,0.950,-0.938,8.000,8.000,.00,0,0,0.950,-0.937,8.000,8.000,.00,0,0,0.950,-0.938,8.000,8.000,.00
00:04.911,0,0,0.900,-0.921,8.000,8.000,.00,0,0,0.900,-0.921,8.000,8.000,.00,0,0,0.900,-0.920,8.000,8.000,.00,0,0,0.900,-0.921,8.000,8.000,.00,0,0,0.900,-0.921,8.000,8.000,.00,0,0,0.892,-0.916,8.000,8.000,.00,0,0,0.892,-0.915,8.000,8.000,.00,0,0,0.892,-0.916,8.000,8.000,.00
00:05.011,0,0,0.856,-0.898,8.000,8.000,.00,0,0,0.856,-0.898,8.000,8.000,.00,0,0,0.856,-0.897,8.000,8.000,.00,0,0,0.856,-0.898,8.000,8.000,.00,0,0,0.856,-0.898,8.000,8.000,.00,0,0,0.848,-0.893,8.000,8.000,.00,0,0,0.848,-0.892,8.000,8.000,.00,0,0,0.848,-0.893,8.000,8.000,.00
00:05.111,0,0,0.812,-0.874,8.000,8.000,.00,0,0,0.812,-0.874,8.000,8.000,.00,0,0,0.812,-0.873,8.000,8.000,.00,0,0,0.812,-0.874,8.000,8.000,.00,0,0,0.812,-0.874,8.000,8.000,.00,0,0,0.804,-0.869,8.000,8.000,.00,0,0,0.804,-0.868,8.000,8.000,.00,0,0,0.804,-0.869,8.000,8.000,.00
00:05.211,0,0,0.769,-0.851,8.000,8.000,.00,0,0,0.769,-0.851,8.000,8.000,.00,0,0,0.769,-0.850,8.000,8.000,.00,0,0,0.769,-0.851,8.000,8.000,.00,0,0,0.769,-0.851,8.000,8.000,.00,0,0,0.761,-0.846,8.000,8.000,.00,0,0,0.761,-0.845,8.000,8.000,.00,0,0,0.761,-0.846,8.000,8.000,.00
00:05.311,0,0,0.725,-0.827,8.000,8.000,.00,0,0,0.725,-0.827,8.000,8.000,.00,0,0,0.725,-0.826,8.000,8.000,.00,0,0,0.725,-0.827,8.000,8.000,.00,0,0,0.725,-0.827,8.000,8.000,.00,0,0,0.717,-0.822,8.000,8.000,.00,0,0,0.717,-0.821,8.000,8.000,.00,0,0,0.717,-0.822,8.000,8.000,.00
00:05.411,0,0,0.681,-0.804,8.000,8.000,.00,0,0,0.681,-0.804,8.000,8.000,.00,0,0,0.681,-0.803,8.000,8.000,.00,0,0,0.681,-0.804,8.000,8.000,.00,0,0,0.681,-0.804,8.000,8.000,.00,0,0,0.673,-0.799,8.000,8.000,.00,0,0,0.673,-0.798,8.000,8.000,.00,0,0,0.673,-0.799,8.000,8.000,.00
00:05.511,0,0,0.651,-0.785,8.000,8.000,.00,0,0,0.651,-0.785,8.000,8.000,.00,0,0,0.651,-0.784,8.000,8.000,.00,0,0,0.651,-0.785,8.000,8.000,.00,0,0,0.648,-0.781,8.000,8.000,.00,0,0,0.640,-0.776,8.000,8.000,.00,0,0,0.640,-0.775,8.000,8.000,.00,0,0,0.640,-0.776,8.000,8.000,.00
00:05.611,0,0,0.619,-0.762,8.000,8.000,.00,0,0,0.619,-0.762,8.000,8.000,.00,0,0,0.619,-0.761,8.000,8.000,.00,0,0,0.619,-0.762,8.000,8.000,.00,0,0,0.615,-0.758,8.000,8.000,.00,0,0,0.607,-0.753,8.000,8.000,.00,0,0,0.607,-0.752,8.000,8.000,.00,0,0,0.607,-0.753,8.000,8.000,.00
00:05.711,0,0,0.586,-0.738,8.000,8.000,.00,0,0,0.586,-0.738,8.000,8.000,.00,0,0,0.586,-0.737,8.000,8.000,.00,0,0,0.586,-0.738,8.000,8.000,.00,0,0,0.582,-0.735,8.000,8.000,.00,0,0,0.574,-0.729,8.000,8.000,.00,0,0,0.574,-0.728,8.000,8.000,.00,0,0,0.574,-0.729,8.000,8.000,.00
00:05.811,0,0,0.553,-0.715,8.000,8.000,.00,0,0,0.553,-0.715,8.000,8.000,.00,0,0,0.553,-0.714,8.000,8.000,.00,0,0,0.553,-0.715,8.000,8.000,.00,0,0,0.549,-0.711,8.000,8.000,.00,0,0,0.541,-0.706,8.000,8.000,.00,0,0,0.541,-0.705,8.000,8.000,.00,0,0,0.541,-0.706,8.000,8.000,.00
00:05.911,0,0,0.520,-0.692,8.000,8.000,.00,0,0,0.520,-0.692,8.000,8.000,.00,0,0,0.520,-0.691,8.000,8.000,.00,0,0,0.520,-0.692,8.000,8.000,.00,0,0,0.517,-0.688,8.000,8.000,.00,0,0,0.508,-0.683,8.000,8.000,.00,0,0,0.508,-0.682,8.000,8.000,.00,0,0,0.508,-0.683,8.000,8.000,.00
00:06.011,0,0,0.487,-0.669,8.000,8.000,.00,0,0,0.487,-0.669,8.000,8.000,.00,0,0,0.487,-0.668,8.000,8.000,.00,0,0,0.487,-0.669,8.000,8.000,.00,0,0,0.481,-0.662,8.000,8.000,.00,0,0,0.473,-0.657,8.000,8.000,.00,0,0,0.473,-0.656,8.000,8.000,.00,0,0,0.473,-0.657,8.000,8.000,.00
00:06.111,0,0,0.462,-0.648,8.000,8.000,.00,0,0,0.462,-0.648,8.000,8.000,.00,0,0,0.462,-0.647,8.000,8.000,.00,0,0,0.462,-0.648,8.000,8.000,.00,0,0,0.456,-0.640,8.000,8.000,.00,0,0,0.448,-0.635,8.000,8.000,.00,0,0,0.448,-0.634,8.000,8.000,.00,0,0,0.448,-0.635,8.000,8.000,.00
00:06.211,0,0,0.438,-0.626,8.000,8.000,.00,0,0,0.438,-0.626,8.000,8.000,.00,0,0,0.438,-0.625,8.000,8.000,.00,0,0,0.438,-0.626,8.000,8.000,.00,0,0,0.432,-0.619,8.000,8.000,.00,0,0,0.424,-0.614,8.000,8.000,.00,0,0,0.424,-0.613,8.000,8.000,.00,0,0,0.424,-0.614,8.000,8.000,.00
00:06.311,0,0,0.413,-0.605,8.000,8.000,.00,0,0,0.413,-0.605,8.000,8.000,.00,0,0,0.413,-0.604,8.000,8.000,.00,0,0,0.413,-0.605,8.000,8.000,.00,0,0,0.407,-0.598,8.000,8.000,.00,0,0,0.399,-0.592,8.000,8.000,.00,0,0,0.399,-0.592,8.000,8.000,.00,0,0,0.399,-0.592,8.000,8.000,.00
00:06.411,0,0,0.388,-0.583,8.000,8.000,.00,0,0,0.388,-0.583,8.000,8.000,.00,0,0,0.388,-0.582,8.000,8.000,.00,0,0,0.388,-0.583,8.000,8.000,.00,0,0,0.382,-0.576,8.000,8.000,.00,0,0,0.374,-0.571,8.000,8.000,.00,0,0,0.374,-0.570,8.000,8.000,.00,0,0,0.374,-0.571,8.000,8.000,.00
00:06.511,0,0,0.362,-0.559,8.000,8.000,.00,0,0,0.362,-0.559,8.000,8.000,.00,0,0,0.362,-0.558,8.000,8.000,.00,0,0,0.362,-0.559,8.000,8.000,.00,0,0,0.356,-0.552,8.000,8.000,.00,0,0,0.356,-0.552,8.000,8.000,.00,0,0,0.356,-0.551,8.000,8.000,.00,0,0,0.356,-0.552,8.000,8.000,.00
00:06.611,0,0,0.343,-0.540,8.000,8.000,.00,0,0,0.343,-0.540,8.000,8.000,.00,0,0,0.343,-0.539,8.000,8.000,.00,0,0,0.343,-0.540,8.000,8.000,.00,0,0,0.337,-0.533,8.000,8.000,.00,0,0,0.337,-0.533,8.000,8.000,.00,0,0,0.337,-0.532,8.000,8.000,.00,0,0,0.337,-0.533,8.000,8.000,.00
00:06.711,0,0,0.325,-0.521,8.000,8.000,.00,0,0,0.325,-0.521,8.000,8.000,.00,0,0,0.325,-0.520,8.000,8.000,.00,0,0,0.325,-0.521,8.000,8.000,.00,0,0,0.319,-0.514,8.000,8.000,.00,0,0,0.319,-0.514,8.000,8.000,.00,0,0,0.319,-0.513,8.000,8.000,.00,0,0,0.319,-0.514,8.000,8.000,.00
00:06.811,0,0,0.306,-0.502,8.000,8.000,.00,0,0,0.306,-0.502,8.000,8.000,.00,0,0,0.306,-0.501,8.000,8.000,.00,0,0,0.306,-0.502,8.000,8.000,.00,0,0,0.300,-0.494,8.000,8.000,.00,0,0,0.300,-0.494,8.000,8.000,.00,0,0,0.300,-0.494,8.000,8.000,.00,0,0,0.300,-0.494,8.000,8.000,.00
00:06.911,0,0,0.288,-0.482,8.000,8.000,.00,0,0,0.288,-0.482,8.000,8.000,.00,0,0,0.288,-0.482,8.000,8.000,.00,0,0,0.288,-0.482,8.000,8.000,.00,0,0,0.282,-0.475,8.000,8.000,.00,0,0,0.282,-0.475,8.000,8.000,.00,0,0,0.282,-0.475,8.000,8.000,.00,0,0,0.282,-0.475,8.000,8.000,.00
00:07.011,0,0,0.269,-0.463,8.000,8.000,.00,0,0,0.269,-0.463,8.000,8.000,.00,0,0,0.269,-0.463,8.000,8.000,.00,0,0,0.269,-0.463,8.000,8.000,.00,0,0,0.263,-0.456,8.000,8.000,.00,0,0,0.263,-0.456,8.000,8.000,.00,0,0,0.263,-0.455,8.000,8.000,.00,0,0,0.263,-0.456,8.000,8.000,.00
00:07.111,0,0,0.255,-0.447,8.000,8.000,.00,0,0,0.255,-0.447,8.000,8.000,.00,0,0,0.255,-0.446,8.000,8.000,.00,0,0,0.255,-0.447,8.000,8.000,.00,0,0,0.249,-0.439,8.000,8.000,.00,0,0,0.249,-0.439,8.000,8.000,.00,0,0,0.249,-0.439,8.000,8.000,.00,0,0,0.249,-0.439,8.000,8.000,.00
00:07.211,0,0,0.241,-0.430,8.000,8.000,.00,0,0,0.241,-0.430,8.000,8.000,.00,0,0,0.241,-0.429,8.000,8.000,.00,0,0,0.241,-0.430,8.000,8.000,.00,0,0,0.235,-0.423,8.000,8.000,.00,0,0,0.235,-0.423,8.000,8.000,.00,0,0,0.235,-0.422,8.000,8.000,.00,0,0,0.235,-0.423,8.000,8.000,.00
00:07.311,0,0,0.227,-0.413,8.000,8.000,.00,0,0,0.227,-0.413,8.000,8.000,.00,0,0,0.227,-0.413,8.000,8.000,.00,0,0,0.227,-0.413,8.000,8.000,.00,0,0,0.222,-0.406,8.000,8.000,.00,0,0,0.222,-0.406,8.000,8.000,.00,0,0,0.222,-0.406,8.000,8.000,.00,0,0,0.222,-0.406,8.000,8.000,.00
00:07.411,0,0,0.214,-0.397,8.000,8.000,.00,0,0,0.214,-0.397,8.000,8.000,.00,0,0,0.214,-0.396,8.000,8.000,.00,0,0,0.214,-0.397,8.000,8.000,.00,0,0,0.208,-0.389,8.000,8.000,.00,0,0,0.208,-0.389,8.000,8.000,.00,0,0,0.208,-0.389,8.000,8.000,.00,0,0,0.208,-0.389,8.000,8.000,.00
00:07.511,0,0,0.204,-0.384,8.000,8.000,.00,0,0,0.204,-0.384,8.000,8.000,.00,0,0,0.204,-0.384,8.000,8.000,.00,0,0,0.204,-0.384,8.000,8.000,.00,0,0,0.198,-0.377,8.000,8.000,.00,0,0,0.198,-0.377,8.000,8.000,.00,0,0,0.198,-0.377,8.000,8.000,.00,0,0,0.198,-0.377,8.000,8.000,.00
00:07.611,0,0,0.194,-0.370,8.000,8.000,.00,0,0,0.194,-0.370,8.000,8.000,.00,0,0,0.194,-0.370,8.000,8.000,.00,0,0,0.194,-0.370,8.000,8.000,.00,0,0,0.188,-0.363,8.000,8.000,.00,0,0,0.188,-0.363,8.000,8.000,.00,0,0,0.188,-0.362,8.000,8.000,.00,0,0,0.188,-0.363,8.000,8.000,.00
00:07.711,0,0,0.183,-0.356,8.000,8.000,.00,0,0,0.183,-0.356,8.000,8.000,.00,0,0,0.183,-0.355,8.000,8.000,.00,0,0,0.183,-0.356,8.000,8.000,.00,0,0,0.178,-0.348,8.000,8.000,.00,0,0,0.178,-0.348,8.000,8.000,.00,0,0,0.178,-0.348,8.000,8.000,.00,0,0,0.178,-0.348,8.000,8.000,.00
00:07.811,0,0,0.173,-0.341,8.000,8.000,.00,0,0,0.173,-0.341,8.000,8.000,.00,0,0,0.173,-0.341,8.000,8.000,.00,0,0,0.173,-0.341,8.000,8.000,.00,0,0,0.167,-0.334,8.000,8.000,.00,0,0,0.167,-0.334,8.000,8.000,.00,0,0,0.167,-0.334,8.000,8.000,.00,0,0,0.167,-0.334,8.000,8.000,.00
00:07.911,0,0,0.163,-0.327,8.000,8.000,.00,0,0,0.163,-0.327,8.000,8.000,.00,0,0,0.163,-0.327,8.000,8.000,.00,0,0,0.163,-0.327,8.000,8.000,.00,0,0,0.157,-0.320,8.000,8.000,.00,0,0,0.157,-0.320,8.000,8.000,.00,0,0,0.157,-0.320,8.000,8.000,.00,0,0,0.157,-0.320,8.000,8.000,.00
00:08.011,0,0,0.152,-0.313,8.000,8.000,.00,0,0,0.152,-0.313,8.000,8.000,.00,0,0,0.152,-0.313,8.000,8.000,.00,0,0,0.152,-0.313,8.000,8.000,.00,0,0,0.149,-0.308,8.000,8.000,.00,0,0,0.149,-0.308,8.000,8.000,.00,0,0,0.149,-0.308,8.000,8.000,.00,0,0,0.149,-0.308,8.000,8.000,.00
00:08.111,0,0,0.144,-0.301,8.000,8.000,.00,0,0,0.144,-0.301,8.000,8.000,.00,0,0,0.144,-0.301,8.000,8.000,.00,0,0,0.144,-0.301,8.000,8.000,.00,0,0,0.141,-0.296,8.000,8.000,.00,0,0,0.141,-0.296,8.000,8.000,.00,0,0,0.141,-0.296,8.000,8.000,.00,0,0,0.141,-0.296,8.000,8.000,.00
00:08.211,0,0,0.137,-0.289,8.000,8.000,.00,0,0,0.137,-0.289,8.000,8.000,.00,0,0,0.137,-0.289,8.000,8.000,.00,0,0,0.137,-0.289,8.000,8.000,.00,0,0,0.133,-0.284,8.000,8.000,.00,0,0,0.133,-0.284,8.000,8.000,.00,0,0,0.133,-0.284,8.000,8.000,.00,0,0,0.133,-0.284,8.000,8.000,.00
00:08.311,0,0,0.129,-0.277,8.000,8.000,.00,0,0,0.129,-0.277,8.000,8.000,.00,0,0,0.129,-0.277,8.000,8.000,.00,0,0,0.129,-0.277,8.000,8.000,.00,0,0,0.126,-0.272,8.000,8.000,.00,0,0,0.126,-0.272,8.000,8.000,.00,0,0,0.126,-0.272,8.000,8.000,.00,0,0,0.126,-0.272,8.000,8.000,.00
00:08.411,0,0,0.121,-0.265,8.000,8.000,.00,0,0,0.121,-0.265,8.000,8.000,.00,0,0,0.121,-0.265,8.000,8.000,.00,0,0,0.121,-0.265,8.000,8.000,.00,0,0,0.118,-0.260,8.000,8.000,.00,0,0,0.118,-0.260,8.000,8.000,.00,0,0,0.118,-0.260,8.000,8.000,.00,0,0,0.118,-0.260,8.000,8.000,.00
00:08.511,0,0,0.113,-0.251,8.000,8.000,.00,0,0,0.113,-0.251,8.000,8.000,.00,0,0,0.113,-0.251,8.000,8.000,.00,0,0,0.113,-0.251,8.000,8.000,.00,0,0,0.112,-0.250,8.000,8.000,.00,0,0,0.112,-0.250,8.000,8.000,.00,0,0,0.112,-0.250,8.000,8.000,.00,0,0,0.112,-0.250,8.000,8.000,.00
00:08.611,0,0,0.107,-0.241,8.000,8.000,.00,0,0,0.107,-0.241,8.000,8.000,.00,0,0,0.107,-0.241,8.000,8.000,.00,0,0,0.107,-0.241,8.000,8.000,.00,0,0,0.106,-0.240,8.000,8.000,.00,0,0,0.106,-0.240,8.000,8.000,.00,0,0,0.106,-0.240,8.000,8.000,.00,0,0,0.106,-0.240,8.000,8.000,.00
00:08.711,0,0,0.101,-0.231,8.000,8.000,.00,0,0,0.101,-0.231,8.000,8.000,.00,0,0,0.101,-0.231,8.000,8.000,.00,0,0,0.101,-0.231,8.000,8.000,.00,0,0,0.100,-0.230,8.000,8.000,.00,0,0,0.100,-0.230,8.000,8.000,.00,0,0,0.100,-0.230,8.000,8.000,.00,0,0,0.100,-0.230,8.000,8.000,.00
00:08.811,0,0,0.095,-0.221,8.000,8.000,.00,0,0,0.095,-0.221,8.000,8.000,.00,0,0,0.095,-0.221,8.000,8.000,.00,0,0,0.095,-0.221,8.000,8.000,.00,0,0,0.094,-0.220,8.000,8.000,.00,0,0,0.094,-0.220,8.000,8.000,.00,0,0,0.094,-0.220,8.000,8.000,.00,0,0,0.094,-0.220,8.000,8.000,.00
00:08.911,0,0,0.089,-0.211,8.000,8.000,.00,0,0,0.089,-0.211,8.000,8.000,.00,0,0,0.089,-0.211,8.000,8.000,.00,0,0,0.089,-0.211,8.000,8.000,.00,0,0,0.089,-0.210,8.000,8.000,.00,0,0,0.089,-0.210,8.000,8.000,.00,0,0,0.089,-0.210,8.000,8.000,.00,0,0,0.089,-0.210,8.000,8.000,.00
00:09.011,0,0,0.085,-0.204,8.000,8.000,.00,0,0,0.085,-0.204,8.000,8.000,.00,0,0,0.085,-0.204,8.000,8.000,.00,0,0,0.085,-0.204,8.000,8.000,.00,0,0,0.085,-0.203,8.000,8.000,.00,0,0,0.084,-0.202,8.000,8.000,.00,0,0,0.084,-0.202,8.000,8.000,.00,0,0,0.084,-0.202,8.000,8.000,.00
00:09.111,0,0,0.081,-0.196,8.000,8.000,.00,0,0,0.081,-0.196,8.000,8.000,.00,0,0,0.081,-0.196,8.000,8.000,.00,0,0,0.081,-0.196,8.000,8.000,.00,0,0,0.080,-0.194,8.000,8.000,.00,0,0,0.080,-0.193,8.000,8.000,.00,0,0,0.080,-0.193,8.000,8.000,.00,0,0,0.080,-0.193,8.000,8.000,.00
00:09.211,0,0,0.077,-0.188,8.000,8.000,.00,0,0,0.077,-0.188,8.000,8.000,.00,0,0,0.077,-0.188,8.000,8.000,.00,0,0,0.077,-0.188,8.000,8.000,.00,0,0,0.076,-0.186,8.000,8.000,.00,0,0,0.075,-0.185,8.000,8.000,.00,0,0,0.075,-0.185,8.000,8.000,.00,0,0,0.075,-0.185,8.000,8.000,.00
00:09.311,0,0,0.072,-0.180,8.000,8.000,.00,0,0,0.072,-0.180,8.000,8.000,.00,0,0,0.072,-0.180,8.000,8.000,.00,0,0,0.072,-0.180,8.000,8.000,.00,0,0,0.072,-0.178,8.000,8.000,.00,0,0,0.071,-0.177,8.000,8.000,.00,0,0,0.071,-0.177,8.000,8.000,.00,0,0,0.071,-0.177,8.000,8.000,.00
00:09.411,0,0,0.068,-0.171,8.000,8.000,.00,0,0,0.068,-0.171,8.000,8.000,.00,0,0,0.068,-0.171,8.000,8.000,.00,0,0,0.068,-0.171,8.000,8.000,.00,0,0,0.067,-0.170,8.000,8.000,.00,0,0,0.067,-0.169,8.000,8.000,.00,0,0,0.067,-0.169,8.000,8.000,.00,0,0,0.067,-0.169,8.000,8.000,.00
00:09.511,0,0,0.063,-0.162,8.000,8.000,.00,0,0,0.063,-0.162,8.000,8.000,.00,0,0,0.063,-0.162,8.000,8.000,.00,0,0,0.063,-0.162,8.000,8.000,.00,0,0,0.062,-0.161,8.000,8.000,.00,0,0,0.062,-0.160,8.000,8.000,.00,0,0,0.062,-0.160,8.000,8.000,.00,0,0,0.062,-0.160,8.000,8.000,.00
00:09.611,0,0,0.060,-0.155,8.000,8.000,.00,0,0,0.060,-0.155,8.000,8.000,.00,0,0,0.060,-0.155,8.000,8.000,.00,0,0,0.060,-0.155,8.000,8.000,.00,0,0,0.059,-0.154,8.000,8.000,.00,0,0,0.059,-0.153,8.000,8.000,.00,0,0,0.059,-0.153,8.000,8.000,.00,0,0,0.059,-0.153,8.000,8.000,.00
00:09.711,0,0,0.057,-0.149,8.000,8.000,.00,0,0,0.057,-0.149,8.000,8.000,.00,0,0,0.057,-0.149,8.000,8.000,.00,0,0,0.057,-0.149,8.000,8.000,.00,0,0,0.056,-0.147,8.000,8.000,.00,0,0,0.055,-0.146,8.000,8.000,.00,0,0,0.055,-0.146,8.000,8.000,.00,0,0,0.055,-0.146,8.000,8.000,.00
00:09.811,0,0,0.053,-0.142,8.000,8.000,.00,0,0,0.053,-0.142,8.000,8.000,.00,0,0,0.053,-0.142,8.000,8.000,.00,0,0,0.053,-0.142,8.000,8.000,.00,0,0,0.053,-0.140,8.000,8.000,.00,0,0,0.052,-0.139,8.000,8.000,.00,0,0,0.052,-0.139,8.000,8.000,.00,0,0,0.052,-0.139,8.000,8.000,.00
00:09.911,0,0,0.050,-0.135,8.000,8.000,.00,0,0,0.050,-0.135,8.000,8.000,.00,0,0,0.050,-0.135,8.000,8.000,.00,0,0,0.050,-0.135,8.000,8.000,.00,0,0,0.049,-0.134,8.000,8.000,.00,0,0,0.049,-0.133,8.000,8.000,.00,0,0,0.049,-0.133,8.000,8.000,.00,0,0,0.049,-0.133,8.000,8.000,.00
00:10.011,0,0,0.047,-0.128,8.000,8.000,.00,0,0,0.047,-0.128,8.000,8.000,.00,0,0,0.047,-0.128,8.000,8.000,.00,0,0,0.047,-0.128,8.000,8.000,.00,0,0,0.046,-0.126,8.000,8.000,.00,0,0,0.045,-0.125,8.000,8.000,.00,0,0,0.045,-0.125,8.000,8.000,.00,0,0,0.045,-0.125,8.000,8.000,.00
00:10.111,0,0,0.044,-0.123,8.000,8.000,.00,0,0,0.044,-0.123,8.000,8.000,.00,0,0,0.044,-0.123,8.000,8.000,.00,0,0,0.044,-0.123,8.000,8.000,.00,0,0,0.043,-0.121,8.000,8.000,.00,0,0,0.043,-0.120,8.000,8.000,.00,0,0,0.043,-0.120,8.000,8.000,.00,0,0,0.043,-0.120,8.000,8.000,.00
00:10.211,0,0,0.042,-0.117,8.000,8.000,.00,0,0,0.042,-0.117,8.000,8.000,.00,0,0,0.042,-0.117,8.000,8.000,.00,0,0,0.042,-0.117,8.000,8.000,.00,0,0,0.041,-0.115,8.000,8.000,.00,0,0,0.040,-0.114,8.000,8.000,.00,0,0,0.040,-0.114,8.000,8.000,.00,0,0,0.040,-0.114,8.000,8.000,.00
00:10.311,0,0,0.040,-0.112,8.000,8.000,.00,0,0,0.040,-0.112,8.000,8.000,.00,0,0,0.040,-0.112,8.000,8.000,.00,0,0,0.040,-0.112,8.000,8.000,.00,0,0,0.038,-0.110,8.000,8.000,.00,0,0,0.038,-0.109,8.000,8.000,.00,0,0,0.038,-0.109,8.000,8.000,.00,0,0,0.038,-0.109,8.000,8.000,.00
00:10.411,0,0,0.037,-0.107,8.000,8.000,.00,0,0,0.037,-0.107,8.000,8.000,.00,0,0,0.037,-0.107,8.000,8.000,.00,0,0,0.037,-0.107,8.000,8.000,.00,0,0,0.036,-0.104,8.000,8.000,.00,0,0,0.036,-0.103,8.000,8.000,.00,0,0,0.036,-0.103,8.000,8.000,.00,0,0,0.036,-0.103,8.000,8.000,.00
00:10.511,0,0,0.035,-0.101,8.000,8.000,.00,0,0,0.035,-0.101,8.000,8.000,.00,0,0,0.035,-0.101,8.000,8.000,.00,0,0,0.035,-0.101,8.000,8.000,.00,0,0,0.034,-0.100,8.000,8.000,.00,0,0,0.034,-0.099,8.000,8.000,.00,0,0,0.034,-0.099,8.000,8.000,.00,0,0,0.034,-0.099,8.000,8.000,.00
00:10.611,0,0,0.033,-0.097,8.000,8.000,.00,0,0,0.033,-0.097,8.000,8.000,.00,0,0,0.033,-0.097,8.000,8.000,.00,0,0,0.033,-0.097,8.000,8.000,.00,0,0,0.033,-0.096,8.000,8.000,.00,0,0,0.032,-0.095,8.000,8.000,.00,0,0,0.032,-0.095,8.000,8.000,.00,0,0,0.032,-0.095,8.000,8.000,.00
00:10.711,0,0,0.031,-0.092,8.000,8.000,.00,0,0,0.031,-0.092,8.000,8.000,.00,0,0,0.031,-0.092,8.000,8.000,.00,0,0,0.031,-0.092,8.000,8.000,.00,0,0,0.031,-0.092,8.000,8.000,.00,0,0,0.030,-0.091,8.000,8.000,.00,0,0,0.030,-0.091,8.000,8.000,.00,0,0,0.030,-0.091,8.000,8.000,.00
00:10.811,0,0,0.029,-0.088,8.000,8.000,.00,0,0,0.029,-0.088,8.000,8.000,.00,0,0,0.029,-0.088,8.000,8.000,.00,0,0,0.029,-0.088,8.000,8.000,.00,0,0,0.029,-0.087,8.000,8.000,.00,0,0,0.028,-0.086,8.000,8.000,.00,0,0,0.028,-0.086,8.000,8.000,.00,0,0,0.028,-0.086,8.000,8.000,.00
00:10.911,0,0,0.027,-0.083,8.000,8.000,.00,0,0,0.027,-0.083,8.000,8.000,.00,0,0,0.027,-0.083,8.000,8.000,.00,0,0,0.027,-0.083,8.000,8.000,.00,0,0,0.027,-0.083,8.000,8.000,.00,0,0,0.027,-0.082,8.000,8.000,.00,0,0,0.027,-0.082,8.000,8.000,.00,0,0,0.027,-0.082,8.000,8.000,.00
00:11.011,0,0,0.026,-0.080,8.000,8.000,.00,0,0,0.026,-0.080,8.000,8.000,.00,0,0,0.026,-0.080,8.000,8.000,.00,0,0,0.026,-0.080,8.000,8.000,.00,0,0,0.026,-0.079,8.000,8.000,.00,0,0,0.025,-0.078,8.000,8.000,.00,0,0,0.025,-0.078,8.000,8.000,.00,0,0,0.025,-0.078,8.000,8.000,.00
00:11.111,0,0,0.025,-0.077,8.000,8.000,.00,0,0,0.024,-0.076,8.000,8.000,.00,0,0,0.024,-0.076,8.000,8.000,.00,0,0,0.024,-0.076,8.000,8.000,.00,0,0,0.024,-0.076,8.000,8.000,.00,0,0,0.024,-0.075,8.000,8.000,.00,0,0,0.024,-0.075,8.000,8.000,.00,0,0,0.024,-0.075,8.000,8.000,.00
00:11.211,0,0,0.023,-0.073,8.000,8.000,.00,0,0,0.023,-0.073,8.000,8.000,.00,0,0,0.023,-0.073,8.000,8.000,.00,0,0,0.023,-0.073,8.000,8.000,.00,0,0,0.023,-0.072,8.000,8.000,.00,0,0,0.022,-0.071,8.000,8.000,.00,0,0,0.022,-0.071,8.000,8.000,.00,0,0,0.022,-0.071,8.000,8.000,.00
00:11.311,0,0,0.022,-0.070,8.000,8.000,.00,0,0,0.022,-0.070,8.000,8.000,.00,0,0,0.022,-0.070,8.000,8.000,.00,0,0,0.022,-0.070,8.000,8.000,.00,0,0,0.021,-0.069,8.000,8.000,.00,0,0,0.021,-0.068,8.000,8.000,.00,0,0,0.021,-0.068,8.000,8.000,.00,0,0,0.021,-0.068,8.000,8.000,.00
00:11.411,0,0,0.020,-0.066,8.000,8.000,.00,0,0,0.020,-0.066,8.000,8.000,.00,0,0,0.020,-0.066,8.000,8.000,.00,0,0,0.020,-0.066,8.000,8.000,.00,0,0,0.020,-0.065,8.000,8.000,.00,0,0,0.020,-0.064,8.000,8.000,.00,0,0,0.020,-0.064,8.000,8.000,.00,0,0,0.020,-0.064,8.000,8.000,.00
00:11.511,0,0,0.019,-0.063,8.000,8.000,.00,0,0,0.019,-0.063,8.000,8.000,.00,0,0,0.019,-0.063,8.000,8.000,.00,0,0,0.019,-0.063,8.000,8.000,.00,0,0,0.019,-0.062,8.000,8.000,.00,0,0,0.019,-0.062,8.000,8.000,.00,0,0,0.019,-0.062,8.000,8.000,.00,0,0,0.019,-0.062,8.000,8.000,.00
00:11.611,0,0,0.018,-0.060,8.000,8.000,.00,0,0,0.018,-0.060,8.000,8.000,.00,0,0,0.018,-0.060,8.000,8.000,.00,0,0,0.018,-0.060,8.000,8.000,.00,0,0,0.017,-0.059,8.000,8.000,.00,0,0,0.017,-0.059,8.000,8.000,.00,0,0,0.017,-0.059,8.000,8.000,.00,0,0,0.017,-0.059,8.000,8.000,.00
00:11.711,0,0,0.017,-0.057,8.000,8.000,.00,0,0,0.017,-0.057,8.000,8.000,.00,0,0,0.017,-0.057,8.000,8.000,.00,0,0,0.017,-0.057,8.000,8.000,.00,0,0,0.016,-0.056,8.000,8.000,.00,0,0,0.016,-0.056,8.000,8.000,.00,0,0,0.016,-0.056,8.000,8.000,.00,0,0,0.016,-0.056,8.000,8.000,.00
00:11.811,0,0,0.016,-0.055,8.000,8.000,.00,0,0,0.016,-0.054,8.000,8.000,.00,0,0,0.016,-0.054,8.000,8.000,.00,0,0,0.016,-0.054,8.000,8.000,.00,0,0,0.015,-0.053,8.000,8.000,.00,0,0,0.015,-0.053,8.000,8.000,.00,0,0,0.015,-0.053,8.000,8.000,.00,0,0,0.015,-0.053,8.000,8.000,.00
00:11.911,0,0,0.015,-0.052,8.000,8.000,.00,0,0,0.015,-0.051,8.000,8.000,.00,0,0,0.015,-0.051,8.000,8.000,.00,0,0,0.015,-0.051,8.000,8.000,.00,0,0,0.014,-0.050,8.000,8.000,.00,0,0,0.014,-0.050,8.000,8.000,.00,0,0,0.014,-0.050,8.000,8.000,.00,0,0,0.014,-0.050,8.000,8.000,.00
00:12.011,0,0,0.014,-0.050,8.000,8.000,.00,0,0,0.014,-0.049,8.000,8.000,.00,0,0,0.014,-0.049,8.000,8.000,.00,0,0,0.014,-0.049,8.000,8.000,.00,0,0,0.013,-0.048,8.000,8.000,.00,0,0,0.013,-0.048,8.000,8.000,.00,0,0,0.013,-0.048,8.000,8.000,.00,0,0,0.013,-0.048,8.000,8.000,.00
00:12.111,0,0,0.014,-0.048,8.000,8.000,.00,0,0,0.013,-0.048,8.000,8.000,.00,0,0,0.013,-0.048,8.000,8.000,.00,0,0,0.013,-0.048,8.000,8.000,.00,0,0,0.013,-0.047,8.000,8.000,.00,0,0,0.013,-0.047,8.000,8.000,.00,0,0,0.013,-0.047,8.000,8.000,.00,0,0,0.013,-0.047,8.000,8.000,.00
00:12.211,0,0,0.013,-0.047,8.000,8.000,.00,0,0,0.013,-0.047,8.000,8.000,.00,0,0,0.013,-0.047,8.000,8.000,.00,0,0,0.013,-0.047,8.000,8.000,.00,0,0,0.012,-0.046,8.000,8.000,.00,0,0,0.012,-0.046,8.000,8.000,.00,0,0,0.012,-0.046,8.000,8.000,.00,0,0,0.012,-0.046,8.000,8.000,.00
00:12.311,0,0,0.013,-0.046,8.000,8.000,.00,0,0,0.012,-0.045,8.000,8.000,.00,0,0,0.012,-0.045,8.000,8.000,.00,0,0,0.012,-0.045,8.000,8.000,.00,0,0,0.012,-0.044,8.000,8.000,.00,0,0,0.012,-0.044,8.000,8.000,.00,0,0,0.012,-0.044,8.000,8.000,.00,0,0,0.012,-0.044,8.000,8.000,.00
00:12.411,0,0,0.012,-0.044,8.000,8.000,.00,0,0,0.012,-0.044,8.000,8.000,.00,0,0,0.012,-0.044,8.000,8.000,.00,0,0,0.012,-0.044,8.000,8.000,.00,0,0,0.011,-0.043,8.000,8.000,.00,0,0,0.011,-0.043,8.000,8.000,.00,0,0,0.011,-0.043,8.000,8.000,.00,0,0,0.011,-0.043,8.000,8.000,.00
00:12.511,0,0,0.011,-0.043,8.000,8.000,.00,0,0,0.011,-0.042,8.000,8.000,.00,0,0,0.011,-0.042,8.000,8.000,.00,0,0,0.011,-0.042,8.000,8.000,.00,0,0,0.011,-0.042,8.000,8.000,.00,0,0,0.011,-0.042,8.000,8.000,.00,0,0,0.011,-0.042,8.000,8.000,.00,0,0,0.011,-0.042,8.000,8.000,.00
00:12.611,0,0,0.011,-0.042,8.000,8.000,.00,0,0,0.011,-0.041,8.000,8.000,.00,0,0,0.011,-0.041,8.000,8.000,.00,0,0,0.011,-0.041,8.000,8.000,.00,0,0,0.011,-0.041,8.000,8.000,.00,0,0,0.011,-0.041,8.000,8.000,.00,0,0,0.011,-0.041,8.000,8.000,.00,0,0,0.011,-0.041,8.000,8.000,.00
00:12.711,0,0,0.011,-0.041,8.000,8.000,.00,0,0,0.010,-0.040,8.000,8.000,.00,0,0,0.010,-0.040,8.000,8.000,.00,0,0,0.010,-0.040,8.000,8.000,.00,0,0,0.010,-0.040,8.000,8.000,.00,0,0,0.010,-0.040,8.000,8.000,.00,0,0,0.010,-0.040,8.000,8.000,.00,0,0,0.010,-0.040,8.000,8.000,.00
00:12.811,0,0,0.010,-0.040,8.000,8.000,.00,0,0,0.010,-0.039,8.000,8.000,.00,0,0,0.010,-0.039,8.000,8.000,.00,0,0,0.010,-0.039,8.000,8.000,.00,0,0,0.010,-0.039,8.000,8.000,.00,0,0,0.010,-0.039,8.000,8.000,.00,0,0,0.010,-0.039,8.000,8.000,.00,0,0,0.010,-0.039,8.000,8.000,.00
00:12.911,0,0,0.010,-0.038,8.000,8.000,.00,0,0,0.010,-0.038,8.000,8.000,.00,0,0,0.010,-0.038,8.000,8.000,.00,0,0,0.010,-0.038,8.000,8.000,.00,0,0,0.009,-0.037,8.000,8.000,.00,0,0,0.009,-0.037,8.000,8.000,.00,0,0,0.009,-0.037,8.000,8.000,.00,0,0,0.009,-0.037,8.000,8.000,.00
00:13.011,0,0,0.009,-0.037,8.000,8.000,.00,0,0,0.009,-0.036,8.000,8.000,.00,0,0,0.009,-0.036,8.000,8.000,.00,0,0,0.009,-0.036,8.000,8.000,.00,0,0,0.009,-0.036,8.000,8.000,.00,0,0,0.009,-0.036,8.000,8.000,.00,0,0,0.009,-0.036,8.000,8.000,.00,0,0,0.009,-0.036,8.000,8.000,.00
00:13.111,0,0,0.009,-0.036,8.000,8.000,.00,0,0,0.009,-0.036,8.000,8.000,.00,0,0,0.009,-0.036,8.000,8.000,.00,0,0,0.009,-0.036,8.000,8.000,.00,0,0,0.008,-0.035,8.000,8.000,.00,0,0,0.008,-0.035,8.000,8.000,.00,0,0,0.008,-0.035,8.000,8.000,.00,0,0,0.008,-0.035,8.000,8.000,.00
00:13.211,0,0,0.009,-0.035,8.000,8.000,.00,0,0,0.008,-0.035,8.000,8.000,.00,0,0,0.008,-0.035,8.000,8.000,.00,0,0,0.008,-0.035,8.000,8.000,.00,0,0,0.008,-0.034,8.000,8.000,.00,0,0,0.008,-0.034,8.000,8.000,.00,0,0,0.008,-0.034,8.000,8.000,.00,0,0,0.008,-0.034,8.000,8.000,.00
