,ID 713,ID 713,ID 713,ID 713,ID 713,ID 713,ID 713,ID 1177,ID 1177,ID 1177,ID 1177,ID 1177,ID 1177,ID 1177,ID 1231,ID 1231,ID 1231,ID 1231,ID 1231,ID 1231,ID 1231,ID 680,ID 680,ID 680,ID 680,ID 680,ID 680,ID 680,ID 1199,ID 1199,ID 1199,ID 1199,ID 1199,ID 1199,ID 1199,ID 817,ID 817,ID 817,ID 817,ID 817,ID 817,ID 817,ID 762,ID 762,ID 762,ID 762,ID 762,ID 762,ID 762,ID 606,ID 606,ID 606,ID 606,ID 606,ID 606,ID 606
,DELGADO,DELGADO,DELGADO,DELGADO,DELGADO,DELGADO,DELGADO,BONVIN,BONVIN,BONVIN,BONVIN,BONVIN,BONVIN,BONVIN,AKCAM,AKCAM,AKCAM,AKCAM,AKCAM,AKCAM,AKCAM,SMOLKA,SMOLKA,SMOLKA,SMOLKA,SMOLKA,SMOLKA,SMOLKA,BALUCH,BALUCH,BALUCH,BALUCH,BALUCH,BALUCH,BALUCH,CHALMERS,CHALMERS,CHALMERS,CHALMERS,CHALMERS,CHALMERS,CHALMERS,LEHTONEN,LEHTONEN,LEHTONEN,LEHTONEN,LEHTONEN,LEHTONEN,LEHTONEN,KOHLDORFER,KOHLDORFER,KOHLDORFER,KOHLDORFER,KOHLDORFER,KOHLDORFER,KOHLDORFER
Time,X,Y,Speed,Accel,Distance,PathDist,ToRail,X,Y,Speed,Accel,Distance,PathDist,ToRail,X,Y,Speed,Accel,Distance,PathDist,ToRail,X,Y,Speed,Accel,Distance,PathDist,ToRail,X,Y,Speed,Accel,Distance,PathDist,ToRail,X,Y,Speed,Accel,Distance,PathDist,ToRail,X,Y,Speed,Accel,Distance,PathDist,ToRail,X,Y,Speed,Accel,Distance,PathDist,ToRail
00:00.000,0,0,0.000,0.000,8.000,8.000,.00,0,0,0.000,0.000,8.000,8.000,.00,0,0,0.000,0.000,8.000,8.000,.00,0,0,0.000,0.000,8.000,8.000,.00,0,0,0.000,0.000,8.000,8.000,.00,0,0,0.000,0.000,8.000,8.000,.00,0,0,0.000,0.000,8.000,8.000,.00,0,0,0.000,0.000,8.000,8.000,.00
00:00.000,0,0,0.000,0.000,8.000,8.000,.00,0,0,0.000,0.000,8.000,8.000,.00,0,0,0.000,0.000,8.000,8.000,.00,0,0,0.000,0.000,8.000,8.000,.00,0,0,0.000,0.000,8.000,8.000,.00,0,0,0.000,0.000,8.000,8.000,.00,0,0,0.000,0.000,8.000,8.000,.00,0,0,0.000,0.000,8.000,8.000,.00
00:08.914,0,0,0.000,0.000,8.000,8.000,.00,0,0,0.000,0.000,8.000,8.000,.00,0,0,0.000,0.000,8.000,8.000,.00,0,0,0.000,0.000,8.000,8.000,.00,0,0,0.000,0.000,8.000,8.000,.00,0,0,0.000,0.000,8.000,8.000,.00,0,0,0.000,0.000,8.000,8.000,.00,0,0,0.000,0.000,8.000,8.000,.00
00:09.014,0,0,0.000,0.000,8.000,8.000,.00,0,0,0.000,0.000,8.000,8.000,.00,0,0,0.000,0.000,8.000,8.000,.00,0,0,0.000,0.000,8.000,8.000,.00,0,0,0.000,0.000,8.000,8.000,.00,0,0,0.000,0.000,8.000,8.000,.00,0,0,0.000,0.000,8.000,8.000,.00,0,0,0.000,0.000,8.000,8.000,.00
00:09.014,0,0,0.000,0.000,8.000,8.000,.00,0,0,0.000,0.000,8.000,8.000,.00,0,0,0.000,0.000,8.000,8.000,.00,0,0,0.000,0.000,8.000,8.000,.00,0,0,0.000,0.000,8.000,8.000,.00,0,0,0.000,0.000,8.000,8.000,.00,0,0,0.000,0.000,8.000,8.000,.00,0,0,0.000,0.000,8.000,8.000,.00
00:09.014,0,0,0.000,0.000,8.000,8.000,.00,0,0,0.000,0.000,8.000,8.000,.00,0,0,0.000,0.000,8.000,8.000,.00,0,0,0.000,0.000,8.000,8.000,.00,0,0,0.000,0.000,8.000,8.000,.00,0,0,0.000,0.000,8.000,8.000,.00,0,0,0.000,0.000,8.000,8.000,.00,0,0,0.000,0.000,8.000,8.000,.00
00:09.114,0,0,0.000,0.000,8.000,8.000,.00,0,0,0.000,0.000,8.000,8.000,.00,0,0,0.000,0.000,8.000,8.000,.00,0,0,0.000,0.000,8.000,8.000,.00,0,0,0.000,0.000,8.000,8.000,.00,0,0,0.000,0.000,8.000,8.000,.00,0,0,0.000,0.000,8.000,8.000,.00,0,0,0.000,0.000,8.000,8.000,.00
00:09.214,0,0,0.000,0.000,8.000,8.000,.00,0,0,0.000,0.000,8.000,8.000,.00,0,0,0.000,0.000,8.000,8.000,.00,0,0,0.000,0.000,8.000,8.000,.00,0,0,0.000,0.000,8.000,8.000,.00,0,0,0.000,0.000,8.000,8.000,.00,0,0,0.000,0.000,8.000,8.000,.00,0,0,0.000,0.000,8.000,8.000,.00
00:09.214,0,0,0.000,0.000,8.000,8.000,.00,0,0,0.000,0.000,8.000,8.000,.00,0,0,0.000,0.000,8.000,8.000,.00,0,0,0.000,0.000,8.000,8.000,.00,0,0,0.000,0.000,8.000,8.000,.00,0,0,0.000,0.000,8.000,8.000,.00,0,0,0.000,0.000,8.000,8.000,.00,0,0,0.000,0.000,8.000,8.000,.00
00:09.214,0,0,0.000,0.000,8.000,8.000,.00,0,0,0.000,0.000,8.000,8.000,.00,0,0,0.000,0.000,8.000,8.000,.00,0,0,0.000,0.000,8.000,8.000,.00,0,0,0.000,0.000,8.000,8.000,.00,0,0,0.000,0.000,8.000,8.000,.00,0,0,0.000,0.000,8.000,8.000,.00,0,0,0.000,0.000,8.000,8.000,.00
00:09.314,0,0,0.000,0.000,8.000,8.000,.00,0,0,0.000,0.000,8.000,8.000,.00,0,0,0.000,0.000,8.000,8.000,.00,0,0,0.000,0.000,8.000,8.000,.00,0,0,0.000,0.000,8.000,8.000,.00,0,0,0.000,0.000,8.000,8.000,.00,0,0,0.000,0.000,8.000,8.000,.00,0,0,0.000,0.000,8.000,8.000,.00
00:09.414,0,0,0.000,0.000,8.000,8.000,.00,0,0,0.000,0.000,8.000,8.000,.00,0,0,0.000,0.000,8.000,8.000,.00,0,0,0.000,0.000,8.000,8.000,.00,0,0,0.000,0.000,8.000,8.000,.00,0,0,0.000,0.000,8.000,8.000,.00,0,0,0.000,0.000,8.000,8.000,.00,0,0,0.000,0.000,8.000,8.000,.00
00:09.414,0,0,0.000,0.000,8.000,8.000,.00,0,0,0.000,0.000,8.000,8.000,.00,0,0,0.000,0.000,8.000,8.000,.00,0,0,0.000,0.000,8.000,8.000,.00,0,0,0.000,0.000,8.000,8.000,.00,0,0,0.000,0.000,8.000,8.000,.00,0,0,0.000,0.000,8.000,8.000,.00,0,0,0.000,0.000,8.000,8.000,.00
00:09.414,0,0,0.000,0.000,8.000,8.000,.00,0,0,0.000,0.000,8.000,8.000,.00,0,0,0.000,0.000,8.000,8.000,.00,0,0,0.000,0.000,8.000,8.000,.00,0,0,0.000,0.000,8.000,8.000,.00,0,0,0.000,0.000,8.000,8.000,.00,0,0,0.000,0.000,8.000,8.000,.00,0,0,0.000,0.000,8.000,8.000,.00
00:09.514,0,0,0.000,0.000,8.000,8.000,.00,0,0,0.000,0.000,8.000,8.000,.00,0,0,0.000,0.000,8.000,8.000,.00,0,0,0.000,0.000,8.000,8.000,.00,0,0,0.000,0.000,8.000,8.000,.00,0,0,0.000,0.000,8.000,8.000,.00,0,0,0.000,0.000,8.000,8.000,.00,0,0,0.000,0.000,8.000,8.000,.00
00:09.614,0,0,0.000,0.000,8.000,8.000,.00,0,0,0.000,0.000,8.000,8.000,.00,0,0,0.000,0.000,8.000,8.000,.00,0,0,0.000,0.000,8.000,8.000,.00,0,0,0.000,0.000,8.000,8.000,.00,0,0,0.000,0.000,8.000,8.000,.00,0,0,0.000,0.000,8.000,8.000,.00,0,0,0.000,0.000,8.000,8.000,.00
00:09.714,0,0,0.000,0.000,8.000,8.000,.00,0,0,0.000,0.000,8.000,8.000,.00,0,0,0.000,0.000,8.000,8.000,.00,0,0,0.000,0.000,8.000,8.000,.00,0,0,0.000,0.000,8.000,8.000,.00,0,0,0.000,0.000,8.000,8.000,.00,0,0,0.000,0.000,8.000,8.000,.00,0,0,0.000,0.000,8.000,8.000,.00
00:09.814,0,0,0.000,0.000,8.000,8.000,.00,0,0,0.000,0.000,8.000,8.000,.00,0,0,0.000,0.000,8.000,8.000,.00,0,0,0.000,0.000,8.000,8.000,.00,0,0,0.000,0.000,8.000,8.000,.00,0,0,0.000,0.000,8.000,8.000,.00,0,0,0.000,0.000,8.000,8.000,.00,0,0,0.000,0.000,8.000,8.000,.00
00:09.914,0,0,0.000,0.000,8.000,8.000,.00,0,0,0.000,0.000,8.000,8.000,.00,0,0,0.000,0.000,8.000,8.000,.00,0,0,0.000,0.000,8.000,8.000,.00,0,0,0.000,0.000,8.000,8.000,.00,0,0,0.000,0.000,8.000,8.000,.00,0,0,0.000,0.000,8.000,8.000,.00,0,0,0.000,0.000,8.000,8.000,.00
00:10.014,0,0,0.000,0.000,8.000,8.000,.00,0,0,0.000,0.000,8.000,8.000,.00,0,0,0.000,0.000,8.000,8.000,.00,0,0,0.000,0.000,8.000,8.000,.00,0,0,0.000,0.000,8.000,8.000,.00,0,0,0.000,0.000,8.000,8.000,.00,0,0,0.000,0.000,8.000,8.000,.00,0,0,0.000,0.000,8.000,8.000,.00
00:10.114,0,0,0.000,0.000,8.000,8.000,.00,0,0,0.000,0.000,8.000,8.000,.00,0,0,0.000,0.000,8.000,8.000,.00,0,0,0.000,0.000,8.000,8.000,.00,0,0,0.000,0.000,8.000,8.000,.00,0,0,0.000,0.000,8.000,8.000,.00,0,0,0.000,0.000,8.000,8.000,.00,0,0,0.000,0.000,8.000,8.000,.00
00:10.214,0,0,0.000,0.000,8.000,8.000,.00,0,0,0.000,0.000,8.000,8.000,.00,0,0,0.000,0.000,8.000,8.000,.00,0,0,0.000,0.000,8.000,8.000,.00,0,0,0.000,0.000,8.000,8.000,.00,0,0,0.000,0.000,8.000,8.000,.00,0,0,0.000,0.000,8.000,8.000,.00,0,0,0.000,0.000,8.000,8.000,.00
00:10.314,0,0,0.000,0.000,8.000,8.000,.00,0,0,0.000,0.000,8.000,8.000,.00,0,0,0.000,0.000,8.000,8.000,.00,0,0,0.000,0.000,8.000,8.000,.00,0,0,0.000,0.000,8.000,8.000,.00,0,0,0.000,0.000,8.000,8.000,.00,0,0,0.000,0.000,8.000,8.000,.00,0,0,0.000,0.000,8.000,8.000,.00
00:10.414,0,0,0.000,0.000,8.000,8.000,.00,0,0,0.000,0.000,8.000,8.000,.00,0,0,0.000,0.000,8.000,8.000,.00,0,0,0.000,0.000,8.000,8.000,.00,0,0,0.000,0.000,8.000,8.000,.00,0,0,0.000,0.000,8.000,8.000,.00,0,0,0.000,0.000,8.000,8.000,.00,0,0,0.000,0.000,8.000,8.000,.00
00:10.514,0,0,0.000,0.000,8.000,8.000,.00,0,0,0.000,0.000,8.000,8.000,.00,0,0,0.000,0.000,8.000,8.000,.00,0,0,0.000,0.000,8.000,8.000,.00,0,0,0.000,0.000,8.000,8.000,.00,0,0,0.000,0.000,8.000,8.000,.00,0,0,0.000,0.000,8.000,8.000,.00,0,0,0.000,0.000,8.000,8.000,.00
00:10.614,0,0,0.000,0.000,8.000,8.000,.00,0,0,0.000,0.000,8.000,8.000,.00,0,0,0.000,0.000,8.000,8.000,.00,0,0,0.000,0.000,8.000,8.000,.00,0,0,0.000,0.000,8.000,8.000,.00,0,0,0.000,0.000,8.000,8.000,.00,0,0,0.000,0.000,8.000,8.000,.00,0,0,0.000,0.000,8.000,8.000,.00
00:10.714,0,0,0.000,0.000,8.000,8.000,.00,0,0,0.000,0.000,8.000,8.000,.00,0,0,0.000,0.000,8.000,8.000,.00,0,0,0.000,0.000,8.000,8.000,.00,0,0,0.000,0.000,8.000,8.000,.00,0,0,0.000,0.000,8.000,8.000,.00,0,0,0.000,0.000,8.000,8.000,.00,0,0,0.000,0.000,8.000,8.000,.00
00:10.814,0,0,0.000,0.000,8.000,8.000,.00,0,0,0.000,0.000,8.000,8.000,.00,0,0,0.000,0.000,8.000,8.000,.00,0,0,0.000,0.000,8.000,8.000,.00,0,0,0.000,0.000,8.000,8.000,.00,0,0,0.000,0.000,8.000,8.000,.00,0,0,0.000,0.000,8.000,8.000,.00,0,0,0.000,0.000,8.000,8.000,.00
00:10.914,0,0,0.000,0.000,8.000,8.000,.00,0,0,0.000,0.000,8.000,8.000,.00,0,0,0.000,0.000,8.000,8.000,.00,0,0,0.000,0.000,8.000,8.000,.00,0,0,0.000,0.000,8.000,8.000,.00,0,0,0.000,0.000,8.000,8.000,.00,0,0,0.000,0.000,8.000,8.000,.00,0,0,0.000,0.000,8.000,8.000,.00
00:11.014,0,0,0.000,0.000,8.000,8.000,.00,0,0,0.000,0.000,8.000,8.000,.00,0,0,0.000,0.000,8.000,8.000,.00,0,0,0.000,0.000,8.000,8.000,.00,0,0,0.000,0.000,8.000,8.000,.00,0,0,0.000,0.000,8.000,8.000,.00,0,0,0.000,0.000,8.000,8.000,.00,0,0,0.000,0.000,8.000,8.000,.00
00:11.114,0,0,0.000,0.000,8.000,8.000,.00,0,0,0.000,0.000,8.000,8.000,.00,0,0,0.000,0.000,8.000,8.000,.00,0,0,0.000,0.000,8.000,8.000,.00,0,0,0.000,0.000,8.000,8.000,.00,0,0,0.000,0.000,8.000,8.000,.00,0,0,0.000,0.000,8.000,8.000,.00,0,0,0.000,0.000,8.000,8.000,.00
00:11.214,0,0,0.000,0.000,8.000,8.000,.00,0,0,0.000,0.000,8.000,8.000,.00,0,0,0.000,0.000,8.000,8.000,.00,0,0,0.000,0.000,8.000,8.000,.00,0,0,0.000,0.000,8.000,8.000,.00,0,0,0.000,0.000,8.000,8.000,.00,0,0,0.000,0.000,8.000,8.000,.00,0,0,0.000,0.000,8.000,8.000,.00
00:11.314,0,0,0.000,0.000,8.000,8.000,.00,0,0,0.000,0.000,8.000,8.000,.00,0,0,0.000,0.000,8.000,8.000,.00,0,0,0.000,0.000,8.000,8.000,.00,0,0,0.000,0.000,8.000,8.000,.00,0,0,0.000,0.000,8.000,8.000,.00,0,0,0.000,0.000,8.000,8.000,.00,0,0,0.000,0.000,8.000,8.000,.00
00:11.414,0,0,0.000,0.000,8.000,8.000,.00,0,0,0.000,0.000,8.000,8.000,.00,0,0,0.000,0.000,8.000,8.000,.00,0,0,0.000,0.000,8.000,8.000,.00,0,0,0.000,0.000,8.000,8.000,.00,0,0,0.000,0.000,8.000,8.000,.00,0,0,0.000,0.000,8.000,8.000,.00,0,0,0.000,0.000,8.000,8.000,.00
00:11.514,0,0,0.000,0.000,8.000,8.000,.00,0,0,0.000,0.000,8.000,8.000,.00,0,0,0.000,0.000,8.000,8.000,.00,0,0,0.000,0.000,8.000,8.000,.00,0,0,0.000,0.000,8.000,8.000,.00,0,0,0.000,0.000,8.000,8.000,.00,0,0,0.000,0.000,8.000,8.000,.00,0,0,0.000,0.000,8.000,8.000,.00
00:11.614,0,0,0.000,0.000,8.000,8.000,.00,0,0,0.000,0.000,8.000,8.000,.00,0,0,0.000,0.000,8.000,8.000,.00,0,0,0.000,0.000,8.000,8.000,.00,0,0,0.000,0.000,8.000,8.000,.00,0,0,0.000,0.000,8.000,8.000,.00,0,0,0.000,0.000,8.000,8.000,.00,0,0,0.000,0.000,8.000,8.000,.00
00:11.714,0,0,0.000,0.000,8.000,8.000,.00,0,0,0.000,0.000,8.000,8.000,.00,0,0,0.000,0.000,8.000,8.000,.00,0,0,0.000,0.000,8.000,8.000,.00,0,0,0.000,0.000,8.000,8.000,.00,0,0,0.000,0.000,8.000,8.000,.00,0,0,0.000,0.000,8.000,8.000,.00,0,0,0.000,0.000,8.000,8.000,.00
00:11.814,0,0,0.000,0.000,8.000,8.000,.00,0,0,0.000,0.000,8.000,8.000,.00,0,0,0.000,0.000,8.000,8.000,.00,0,0,0.000,0.000,8.000,8.000,.00,0,0,0.000,0.000,8.000,8.000,.00,0,0,0.000,0.000,8.000,8.000,.00,0,0,0.000,0.000,8.000,8.000,.00,0,0,0.000,0.000,8.000,8.000,.00
00:11.914,0,0,0.000,0.000,8.000,8.000,.00,0,0,0.000,0.000,8.000,8.000,.00,0,0,0.000,0.000,8.000,8.000,.00,0,0,0.000,0.000,8.000,8.000,.00,0,0,0.000,0.000,8.000,8.000,.00,0,0,0.000,0.000,8.000,8.000,.00,0,0,0.000,0.000,8.000,8.000,.00,0,0,0.000,0.000,8.000,8.000,.00
00:12.014,0,0,0.000,0.000,8.000,8.000,.00,0,0,0.000,0.000,8.000,8.000,.00,0,0,0.000,0.000,8.000,8.000,.00,0,0,0.000,0.000,8.000,8.000,.00,0,0,0.000,0.000,8.000,8.000,.00,0,0,0.000,0.000,8.000,8.000,.00,0,0,0.000,0.000,8.000,8.000,.00,0,0,0.000,0.000,8.000,8.000,.00
00:12.114,0,0,0.000,0.000,8.000,8.000,.00,0,0,0.000,0.000,8.000,8.000,.00,0,0,0.000,0.000,8.000,8.000,.00,0,0,0.000,0.000,8.000,8.000,.00,0,0,0.000,0.000,8.000,8.000,.00,0,0,0.000,0.000,8.000,8.000,.00,0,0,0.000,0.000,8.000,8.000,.00,0,0,0.000,0.000,8.000,8.000,.00
00:12.214,0,0,0.000,0.000,8.000,8.000,.00,0,0,0.000,0.000,8.000,8.000,.00,0,0,0.000,0.000,8.000,8.000,.00,0,0,0.000,0.000,8.000,8.000,.00,0,0,0.000,0.000,8.000,8.000,.00,0,0,0.000,0.000,8.000,8.000,.00,0,0,0.000,0.000,8.000,8.000,.00,0,0,0.000,0.000,8.000,8.000,.00
00:12.314,0,0,0.000,0.000,8.000,8.000,.00,0,0,0.000,0.000,8.000,8.000,.00,0,0,0.000,0.000,8.000,8.000,.00,0,0,0.000,0.000,8.000,8.000,.00,0,0,0.000,0.000,8.000,8.000,.00,0,0,0.000,0.000,8.000,8.000,.00,0,0,0.000,0.000,8.000,8.000,.00,0,0,0.000,0.000,8.000,8.000,.00
00:12.414,0,0,0.000,0.000,8.000,8.000,.00,0,0,0.000,0.000,8.000,8.000,.00,0,0,0.000,0.000,8.000,8.000,.00,0,0,0.000,0.000,8.000,8.000,.00,0,0,0.000,0.000,8.000,8.000,.00,0,0,0.000,0.000,8.000,8.000,.00,0,0,0.000,0.000,8.000,8.000,.00,0,0,0.000,0.000,8.000,8.000,.00
00:12.514,0,0,0.000,0.000,8.000,8.000,.00,0,0,0.000,0.000,8.000,8.000,.00,0,0,0.000,0.000,8.000,8.000,.00,0,0,0.000,0.000,8.000,8.000,.00,0,0,0.000,0.000,8.000,8.000,.00,0,0,0.000,0.000,8.000,8.000,.00,0,0,0.000,0.000,8.000,8.000,.00,0,0,0.000,0.000,8.000,8.000,.00
00:12.614,0,0,0.000,0.000,8.000,8.000,.00,0,0,0.000,0.000,8.000,8.000,.00,0,0,0.000,0.000,8.000,8.000,.00,0,0,0.000,0.000,8.000,8.000,.00,0,0,0.000,0.000,8.000,8.000,.00,0,0,0.000,0.000,8.000,8.000,.00,0,0,0.000,0.000,8.000,8.000,.00,0,0,0.000,0.000,8.000,8.000,.00
00:12.714,0,0,0.000,0.000,8.000,8.000,.00,0,0,0.000,0.000,8.000,8.000,.00,0,0,0.000,0.000,8.000,8.000,.00,0,0,0.000,0.000,8.000,8.000,.00,0,0,0.000,0.000,8.000,8.000,.00,0,0,0.000,0.000,8.000,8.000,.00,0,0,0.000,0.000,8.000,8.000,.00,0,0,0.000,0.000,8.000,8.000,.00
00:12.814,0,0,0.000,0.000,8.000,8.000,.00,0,0,0.000,0.000,8.000,8.000,.00,0,0,0.000,0.000,8.000,8.000,.00,0,0,0.000,0.000,8.000,8.000,.00,0,0,0.000,0.000,8.000,8.000,.00,0,0,0.000,0.000,8.000,8.000,.00,0,0,0.000,0.000,8.000,8.000,.00,0,0,0.000,0.000,8.000,8.000,.00
00:12.914,0,0,0.000,0.000,8.000,8.000,.00,0,0,0.000,0.000,8.000,8.000,.00,0,0,0.000,0.000,8.000,8.000,.00,0,0,0.000,0.000,8.000,8.000,.00,0,0,0.000,0.000,8.000,8.000,.00,0,0,0.000,0.000,8.000,8.000,.00,0,0,0.000,0.000,8.000,8.000,.00,0,0,0.000,0.000,8.000,8.000,.00
00:13.014,0,0,0.000,0.000,8.000,8.000,.00,0,0,0.000,0.000,8.000,8.000,.00,0,0,0.000,0.000,8.000,8.000,.00,0,0,0.000,0.000,8.000,8.000,.00,0,0,0.000,0.000,8.000,8.000,.00,0,0,0.000,0.000,8.000,8.000,.00,0,0,0.000,0.000,8.000,8.000,.00,0,0,0.000,0.000,8.000,8.000,.00
00:13.114,0,0,0.000,0.000,8.000,8.000,.00,0,0,0.000,0.000,8.000,8.000,.00,0,0,0.000,0.000,8.000,8.000,.00,0,0,0.000,0.000,8.000,8.000,.00,0,0,0.000,0.000,8.000,8.000,.00,0,0,0.000,0.000,8.000,8.000,.00,0,0,0.000,0.000,8.000,8.000,.00,0,0,0.000,0.000,8.000,8.000,.00
00:13.214,0,0,0.000,0.000,8.000,8.000,.00,0,0,0.000,0.000,8.000,8.000,.00,0,0,0.000,0.000,8.000,8.000,.00,0,0,0.000,0.000,8.000,8.000,.00,0,0,0.000,0.000,8.000,8.000,.00,0,0,0.000,0.000,8.000,8.000,.00,0,0,0.000,0.000,8.000,8.000,.00,0,0,0.000,0.000,8.000,8.000,.00
00:13.314,0,0,0.000,0.000,8.000,8.000,.00,0,0,0.000,0.000,8.000,8.000,.00,0,0,0.000,0.000,8.000,8.000,.00,0,0,0.000,0.000,8.000,8.000,.00,0,0,0.000,0.000,8.000,8.000,.00,0,0,0.000,0.000,8.000,8.000,.00,0,0,0.000,0.000,8.000,8.000,.00,0,0,0.000,0.000,8.000,8.000,.00
00:13.414,0,0,0.000,0.000,8.000,8.000,.00,0,0,0.000,0.000,8.000,8.000,.00,0,0,0.000,0.000,8.000,8.000,.00,0,0,0.000,0.000,8.000,8.000,.00,0,0,0.000,0.000,8.000,8.000,.00,0,0,0.000,0.000,8.000,8.000,.00,0,0,0.000,0.000,8.000,8.000,.00,0,0,0.000,0.000,8.000,8.000,.00
00:13.514,0,0,0.000,0.000,8.000,8.000,.00,0,0,0.000,0.000,8.000,8.000,.00,0,0,0.000,0.000,8.000,8.000,.00,0,0,0.000,0.000,8.000,8.000,.00,0,0,0.000,0.000,8.000,8.000,.00,0,0,0.000,0.000,8.000,8.000,.00,0,0,0.000,0.000,8.000,8.000,.00,0,0,0.000,0.000,8.000,8.000,.00
00:13.614,0,0,0.000,0.000,8.000,8.000,.00,0,0,0.000,0.000,8.000,8.000,.00,0,0,0.000,0.000,8.000,8.000,.00,0,0,0.000,0.000,8.000,8.000,.00,0,0,0.000,0.000,8.000,8.000,.00,0,0,0.000,0.000,8.000,8.000,.00,0,0,0.000,0.000,8.000,8.000,.00,0,0,0.000,0.000,8.000,8.000,.00
00:13.714,0,0,0.000,0.000,8.000,8.000,.00,0,0,0.000,0.000,8.000,8.000,.00,0,0,0.000,0.000,8.000,8.000,.00,0,0,0.000,0.000,8.000,8.000,.00,0,0,0.000,0.000,8.000,8.000,.00,0,0,0.000,0.000,8.000,8.000,.00,0,0,0.000,0.000,8.000,8.000,.00,0,0,0.000,0.000,8.000,8.000,.00
00:13.814,0,0,0.000,0.000,8.000,8.000,.00,0,0,0.000,0.000,8.000,8.000,.00,0,0,0.000,0.000,8.000,8.000,.00,0,0,0.000,0.000,8.000,8.000,.00,0,0,0.000,0.000,8.000,8.000,.00,0,0,0.000,0.000,8.000,8.000,.00,0,0,0.000,0.000,8.000,8.000,.00,0,0,0.000,0.000,8.000,8.000,.00
00:13.914,0,0,0.000,0.000,8.000,8.000,.00,0,0,0.000,0.000,8.000,8.000,.00,0,0,0.000,0.000,8.000,8.000,.00,0,0,0.000,0.000,8.000,8.000,.00,0,0,0.000,0.000,8.000,8.000,.00,0,0,0.000,0.000,8.000,8.000,.00,0,0,0.000,0.000,8.000,8.000,.00,0,0,0.000,0.000,8.000,8.000,.00
00:14.014,0,0,0.000,0.000,8.000,8.000,.00,0,0,0.000,0.000,8.000,8.000,.00,0,0,0.000,0.000,8.000,8.000,.00,0,0,0.000,0.000,8.000,8.000,.00,0,0,0.000,0.000,8.000,8.000,.00,0,0,0.000,0.000,8.000,8.000,.00,0,0,0.000,0.000,8.000,8.000,.00,0,0,0.000,0.000,8.000,8.000,.00
00:14.114,0,0,0.000,0.000,8.000,8.000,.00,0,0,0.000,0.000,8.000,8.000,.00,0,0,0.000,0.000,8.000,8.000,.00,0,0,0.000,0.000,8.000,8.000,.00,0,0,0.000,0.000,8.000,8.000,.00,0,0,0.000,0.000,8.000,8.000,.00,0,0,0.000,0.000,8.000,8.000,.00,0,0,0.000,0.000,8.000,8.000,.00
00:14.214,0,0,0.000,0.000,8.000,8.000,.00,0,0,0.000,0.000,8.000,8.000,.00,0,0,0.000,0.000,8.000,8.000,.00,0,0,0.000,0.000,8.000,8.000,.00,0,0,0.000,0.000,8.000,8.000,.00,0,0,0.000,0.000,8.000,8.000,.00,0,0,0.000,0.000,8.000,8.000,.00,0,0,0.000,0.000,8.000,8.000,.00
00:14.314,0,0,0.000,0.000,8.000,8.000,.00,0,0,0.000,0.000,8.000,8.000,.00,0,0,0.000,0.000,8.000,8.000,.00,0,0,0.000,0.000,8.000,8.000,.00,0,0,0.000,0.000,8.000,8.000,.00,0,0,0.000,0.000,8.000,8.000,.00,0,0,0.000,0.000,8.000,8.000,.00,0,0,0.000,0.000,8.000,8.000,.00
00:14.414,0,0,0.000,0.000,8.000,8.000,.00,0,0,0.000,0.000,8.000,8.000,.00,0,0,0.000,0.000,8.000,8.000,.00,0,0,0.000,0.000,8.000,8.000,.00,0,0,0.000,0.000,8.000,8.000,.00,0,0,0.000,0.000,8.000,8.000,.00,0,0,0.000,0.000,8.000,8.000,.00,0,0,0.000,0.000,8.000,8.000,.00
00:14.514,0,0,0.000,0.000,8.000,8.000,.00,0,0,0.000,0.000,8.000,8.000,.00,0,0,0.000,0.000,8.000,8.000,.00,0,0,0.000,0.000,8.000,8.000,.00,0,0,0.000,0.000,8.000,8.000,.00,0,0,0.000,0.000,8.000,8.000,.00,0,0,0.000,0.000,8.000,8.000,.00,0,0,0.000,0.000,8.000,8.000,.00
00:14.614,0,0,0.000,0.000,8.000,8.000,.00,0,0,0.000,0.000,8.000,8.000,.00,0,0,0.000,0.000,8.000,8.000,.00,0,0,0.000,0.000,8.000,8.000,.00,0,0,0.000,0.000,8.000,8.000,.00,0,0,0.000,0.000,8.000,8.000,.00,0,0,0.000,0.000,8.000,8.000,.00,0,0,0.000,0.000,8.000,8.000,.00
00:14.714,0,0,0.000,0.000,8.000,8.000,.00,0,0,0.000,0.000,8.000,8.000,.00,0,0,0.000,0.000,8.000,8.000,.00,0,0,0.000,0.000,8.000,8.000,.00,0,0,0.000,0.000,8.000,8.000,.00,0,0,0.000,0.000,8.000,8.000,.00,0,0,0.000,0.000,8.000,8.000,.00,0,0,0.000,0.000,8.000,8.000,.00
00:14.814,0,0,0.000,0.000,8.000,8.000,.00,0,0,0.000,0.000,8.000,8.000,.00,0,0,0.000,0.000,8.000,8.000,.00,0,0,0.000,0.000,8.000,8.000,.00,0,0,0.000,0.000,8.000,8.000,.00,0,0,0.000,0.000,8.000,8.000,.00,0,0,0.000,0.000,8.000,8.000,.00,0,0,0.000,0.000,8.000,8.000,.00
00:14.914,0,0,0.000,0.000,8.000,8.000,.00,0,0,0.000,0.000,8.000,8.000,.00,0,0,0.000,0.000,8.000,8.000,.00,0,0,0.000,0.000,8.000,8.000,.00,0,0,0.000,0.000,8.000,8.000,.00,0,0,0.000,0.000,8.000,8.000,.00,0,0,0.000,0.000,8.000,8.000,.00,0,0,0.000,0.000,8.000,8.000,.00
00:15.014,0,0,0.000,0.000,8.000,8.000,.00,0,0,0.000,0.000,8.000,8.000,.00,0,0,0.000,0.000,8.000,8.000,.00,0,0,0.000,0.000,8.000,8.000,.00,0,0,0.000,0.000,8.000,8.000,.00,0,0,0.000,0.000,8.000,8.000,.00,0,0,0.000,0.000,8.000,8.000,.00,0,0,0.000,0.000,8.000,8.000,.00
00:15.114,0,0,0.000,0.000,8.000,8.000,.00,0,0,0.000,0.000,8.000,8.000,.00,0,0,0.000,0.000,8.000,8.000,.00,0,0,0.000,0.000,8.000,8.000,.00,0,0,0.000,0.000,8.000,8.000,.00,0,0,0.000,0.000,8.000,8.000,.00,0,0,0.000,0.000,8.000,8.000,.00,0,0,0.000,0.000,8.000,8.000,.00
00:15.214,0,0,0.000,0.000,8.000,8.000,.00,0,0,0.000,0.000,8.000,8.000,.00,0,0,0.000,0.000,8.000,8.000,.00,0,0,0.000,0.000,8.000,8.000,.00,0,0,0.000,0.000,8.000,8.000,.00,0,0,0.000,0.000,8.000,8.000,.00,0,0,0.000,0.000,8.000,8.000,.00,0,0,0.000,0.000,8.000,8.000,.00
00:15.314,0,0,0.000,0.000,8.000,8.000,.00,0,0,0.000,0.000,8.000,8.000,.00,0,0,0.000,0.000,8.000,8.000,.00,0,0,0.000,0.000,8.000,8.000,.00,0,0,0.000,0.000,8.000,8.000,.00,0,0,0.000,0.000,8.000,8.000,.00,0,0,0.000,0.000,8.000,8.000,.00,0,0,0.000,0.000,8.000,8.000,.00
00:15.414,0,0,0.000,0.000,8.000,8.000,.00,0,0,0.000,0.000,8.000,8.000,.00,0,0,0.000,0.000,8.000,8.000,.00,0,0,0.000,0.000,8.000,8.000,.00,0,0,0.000,0.000,8.000,8.000,.00,0,0,0.000,0.000,8.000,8.000,.00,0,0,0.000,0.000,8.000,8.000,.00,0,0,0.000,0.000,8.000,8.000,.00
00:15.514,0,0,0.000,0.000,8.000,8.000,.00,0,0,0.000,0.000,8.000,8.000,.00,0,0,0.000,0.000,8.000,8.000,.00,0,0,0.000,0.000,8.000,8.000,.00,0,0,0.000,0.000,8.000,8.000,.00,0,0,0.000,0.000,8.000,8.000,.00,0,0,0.000,0.000,8.000,8.000,.00,0,0,0.000,0.000,8.000,8.000,.00
00:15.614,0,0,0.000,0.000,8.000,8.000,.00,0,0,0.000,0.000,8.000,8.000,.00,0,0,0.000,0.000,8.000,8.000,.00,0,0,0.000,0.000,8.000,8.000,.00,0,0,0.000,0.000,8.000,8.000,.00,0,0,0.000,0.000,8.000,8.000,.00,0,0,0.000,0.000,8.000,8.000,.00,0,0,0.000,0.000,8.000,8.000,.00
00:15.714,0,0,0.000,0.000,8.000,8.000,.00,0,0,0.000,0.000,8.000,8.000,.00,0,0,0.000,0.000,8.000,8.000,.00,0,0,0.000,0.000,8.000,8.000,.00,0,0,0.000,0.000,8.000,8.000,.00,0,0,0.000,0.000,8.000,8.000,.00,0,0,0.000,0.000,8.000,8.000,.00,0,0,0.000,0.000,8.000,8.000,.00
00:15.814,0,0,0.000,0.000,8.000,8.000,.00,0,0,0.000,0.000,8.000,8.000,.00,0,0,0.000,0.000,8.000,8.000,.00,0,0,0.000,0.000,8.000,8.000,.00,0,0,0.000,0.000,8.000,8.000,.00,0,0,0.000,0.000,8.000,8.000,.00,0,0,0.000,0.000,8.000,8.000,.00,0,0,0.000,0.000,8.000,8.000,.00
00:15.914,0,0,0.000,0.000,8.000,8.000,.00,0,0,0.000,0.000,8.000,8.000,.00,0,0,0.000,0.000,8.000,8.000,.00,0,0,0.000,0.000,8.000,8.000,.00,0,0,0.000,0.000,8.000,8.000,.00,0,0,0.000,0.000,8.000,8.000,.00,0,0,0.000,0.000,8.000,8.000,.00,0,0,0.000,0.000,8.000,8.000,.00
00:16.014,0,0,0.000,0.000,8.000,8.000,.00,0,0,0.000,0.000,8.000,8.000,.00,0,0,0.000,0.000,8.000,8.000,.00,0,0,0.000,0.000,8.000,8.000,.00,0,0,0.000,0.000,8.000,8.000,.00,0,0,0.000,0.000,8.000,8.000,.00,0,0,0.000,0.000,8.000,8.000,.00,0,0,0.000,0.000,8.000,8.000,.00
00:16.114,0,0,0.000,0.000,8.000,8.000,.00,0,0,0.000,0.000,8.000,8.000,.00,0,0,0.000,0.000,8.000,8.000,.00,0,0,0.000,0.000,8.000,8.000,.00,0,0,0.000,0.000,8.000,8.000,.00,0,0,0.000,0.000,8.000,8.000,.00,0,0,0.000,0.000,8.000,8.000,.00,0,0,0.000,0.000,8.000,8.000,.00
00:16.214,0,0,0.000,0.000,8.000,8.000,.00,0,0,0.000,0.000,8.000,8.000,.00,0,0,0.000,0.000,8.000,8.000,.00,0,0,0.000,0.000,8.000,8.000,.00,0,0,0.000,0.000,8.000,8.000,.00,0,0,0.000,0.000,8.000,8.000,.00,0,0,0.000,0.000,8.000,8.000,.00,0,0,0.000,0.000,8.000,8.000,.00
00:16.314,0,0,0.000,0.000,8.000,8.000,.00,0,0,0.000,0.000,8.000,8.000,.00,0,0,0.000,0.000,8.000,8.000,.00,0,0,0.000,0.000,8.000,8.000,.00,0,0,0.000,0.000,8.000,8.000,.00,0,0,0.000,0.000,8.000,8.000,.00,0,0,0.000,0.000,8.000,8.000,.00,0,0,0.000,0.000,8.000,8.000,.00
00:16.414,0,0,0.000,0.000,8.000,8.000,.00,0,0,0.000,0.000,8.000,8.000,.00,0,0,0.000,0.000,8.000,8.000,.00,0,0,0.000,0.000,8.000,8.000,.00,0,0,0.000,0.000,8.000,8.000,.00,0,0,0.000,0.000,8.000,8.000,.00,0,0,0.000,0.000,8.000,8.000,.00,0,0,0.000,0.000,8.000,8.000,.00
00:16.514,0,0,0.000,0.000,8.000,8.000,.00,0,0,0.000,0.000,8.000,8.000,.00,0,0,0.000,0.000,8.000,8.000,.00,0,0,0.000,0.000,8.000,8.000,.00,0,0,0.000,0.000,8.000,8.000,.00,0,0,0.000,0.000,8.000,8.000,.00,0,0,0.000,0.000,8.000,8.000,.00,0,0,0.000,0.000,8.000,8.000,.00
00:16.614,0,0,0.000,0.000,8.000,8.000,.00,0,0,0.000,0.000,8.000,8.000,.00,0,0,0.000,0.000,8.000,8.000,.00,0,0,0.000,0.000,8.000,8.000,.00,0,0,0.000,0.000,8.000,8.000,.00,0,0,0.000,0.000,8.000,8.000,.00,0,0,0.000,0.000,8.000,8.000,.00,0,0,0.000,0.000,8.000,8.000,.00
00:16.714,0,0,0.000,0.000,8.000,8.000,.00,0,0,0.000,0.000,8.000,8.000,.00,0,0,0.000,0.000,8.000,8.000,.00,0,0,0.000,0.000,8.000,8.000,.00,0,0,0.000,0.000,8.000,8.000,.00,0,0,0.000,0.000,8.000,8.000,.00,0,0,0.000,0.000,8.000,8.000,.00,0,0,0.000,0.000,8.000,8.000,.00
00:16.814,0,0,0.000,0.000,8.000,8.000,.00,0,0,0.000,0.000,8.000,8.000,.00,0,0,0.000,0.000,8.000,8.000,.00,0,0,0.000,0.000,8.000,8.000,.00,0,0,0.000,0.000,8.000,8.000,.00,0,0,0.000,0.000,8.000,8.000,.00,0,0,0.000,0.000,8.000,8.000,.00,0,0,0.000,0.000,8.000,8.000,.00
00:16.914,0,0,0.000,0.000,8.000,8.000,.00,0,0,0.000,0.000,8.000,8.000,.00,0,0,0.000,0.000,8.000,8.000,.00,0,0,0.000,0.000,8.000,8.000,.00,0,0,0.000,0.000,8.000,8.000,.00,0,0,0.000,0.000,8.000,8.000,.00,0,0,0.000,0.000,8.000,8.000,.00,0,0,0.000,0.000,8.000,8.000,.00
00:17.014,0,0,0.000,0.000,8.000,8.000,.00,0,0,0.000,0.000,8.000,8.000,.00,0,0,0.000,0.000,8.000,8.000,.00,0,0,0.000,0.000,8.000,8.000,.00,0,0,0.000,0.000,8.000,8.000,.00,0,0,0.000,0.000,8.000,8.000,.00,0,0,0.000,0.000,8.000,8.000,.00,0,0,0.000,0.000,8.000,8.000,.00
00:17.114,0,0,0.000,0.000,8.000,8.000,.00,0,0,0.000,0.000,8.000,8.000,.00,0,0,0.000,0.000,8.000,8.000,.00,0,0,0.000,0.000,8.000,8.000,.00,0,0,0.000,0.000,8.000,8.000,.00,0,0,0.000,0.000,8.000,8.000,.00,0,0,0.000,0.000,8.000,8.000,.00,0,0,0.000,0.000,8.000,8.000,.00
00:17.214,0,0,0.000,0.000,8.000,8.000,.00,0,0,0.000,0.000,8.000,8.000,.00,0,0,0.000,0.000,8.000,8.000,.00,0,0,0.000,0.000,8.000,8.000,.00,0,0,0.000,0.000,8.000,8.000,.00,0,0,0.000,0.000,8.000,8.000,.00,0,0,0.000,0.000,8.000,8.000,.00,0,0,0.000,0.000,8.000,8.000,.00
00:17.314,0,0,0.000,0.000,8.000,8.000,.00,0,0,0.000,0.000,8.000,8.000,.00,0,0,0.000,0.000,8.000,8.000,.00,0,0,0.000,0.000,8.000,8.000,.00,0,0,0.000,0.000,8.000,8.000,.00,0,0,0.000,0.000,8.000,8.000,.00,0,0,0.000,0.000,8.000,8.000,.00,0,0,0.000,0.000,8.000,8.000,.00
00:17.414,0,0,0.000,0.000,8.000,8.000,.00,0,0,0.000,0.000,8.000,8.000,.00,0,0,0.000,0.000,8.000,8.000,.00,0,0,0.000,0.000,8.000,8.000,.00,0,0,0.000,0.000,8.000,8.000,.00,0,0,0.000,0.000,8.000,8.000,.00,0,0,0.000,0.000,8.000,8.000,.00,0,0,0.000,0.000,8.000,8.000,.00
00:17.514,0,0,0.000,0.000,8.000,8.000,.00,0,0,0.000,0.000,8.000,8.000,.00,0,0,0.000,0.000,8.000,8.000,.00,0,0,0.000,0.000,8.000,8.000,.00,0,0,0.000,0.000,8.000,8.000,.00,0,0,0.000,0.000,8.000,8.000,.00,0,0,0.000,0.000,8.000,8.000,.00,0,0,0.000,0.000,8.000,8.000,.00
00:17.614,0,0,0.000,0.000,8.000,8.000,.00,0,0,0.000,0.000,8.000,8.000,.00,0,0,0.000,0.000,8.000,8.000,.00,0,0,0.000,0.000,8.000,8.000,.00,0,0,0.000,0.000,8.000,8.000,.00,0,0,0.000,0.000,8.000,8.000,.00,0,0,0.000,0.000,8.000,8.000,.00,0,0,0.000,0.000,8.000,8.000,.00
00:17.714,0,0,0.000,0.000,8.000,8.000,.00,0,0,0.000,0.000,8.000,8.000,.00,0,0,0.000,0.000,8.000,8.000,.00,0,0,0.000,0.000,8.000,8.000,.00,0,0,0.000,0.000,8.000,8.000,.00,0,0,0.000,0.000,8.000,8.000,.00,0,0,0.000,0.000,8.000,8.000,.00,0,0,0.000,0.000,8.000,8.000,.00
00:17.814,0,0,0.000,0.000,8.000,8.000,.00,0,0,0.000,0.000,8.000,8.000,.00,0,0,0.000,0.000,8.000,8.000,.00,0,0,0.000,0.000,8.000,8.000,.00,0,0,0.000,0.000,8.000,8.000,.00,0,0,0.000,0.000,8.000,8.000,.00,0,0,0.000,0.000,8.000,8.000,.00,0,0,0.000,0.000,8.000,8.000,.00
00:17.914,0,0,0.000,0.000,8.000,8.000,.00,0,0,0.000,0.000,8.000,8.000,.00,0,0,0.000,0.000,8.000,8.000,.00,0,0,0.000,0.000,8.000,8.000,.00,0,0,0.000,0.000,8.000,8.000,.00,0,0,0.000,0.000,8.000,8.000,.00,0,0,0.000,0.000,8.000,8.000,.00,0,0,0.000,0.000,8.000,8.000,.00
00:18.014,0,0,0.000,0.000,8.000,8.000,.00,0,0,0.000,0.000,8.000,8.000,.00,0,0,0.000,0.000,8.000,8.000,.00,0,0,0.000,0.000,8.000,8.000,.00,0,0,0.000,0.000,8.000,8.000,.00,0,0,0.000,0.000,8.000,8.000,.00,0,0,0.000,0.000,8.000,8.000,.00,0,0,0.000,0.000,8.000,8.000,.00
00:18.114,0,0,0.000,0.000,8.000,8.000,.00,0,0,0.000,0.000,8.000,8.000,.00,0,0,0.000,0.000,8.000,8.000,.00,0,0,0.000,0.000,8.000,8.000,.00,0,0,0.000,0.000,8.000,8.000,.00,0,0,0.000,0.000,8.000,8.000,.00,0,0,0.000,0.000,8.000,8.000,.00,0,0,0.000,0.000,8.000,8.000,.00
00:18.214,0,0,0.000,0.000,8.000,8.000,.00,0,0,0.000,0.000,8.000,8.000,.00,0,0,0.000,0.000,8.000,8.000,.00,0,0,0.000,0.000,8.000,8.000,.00,0,0,0.000,0.000,8.000,8.000,.00,0,0,0.000,0.000,8.000,8.000,.00,0,0,0.000,0.000,8.000,8.000,.00,0,0,0.000,0.000,8.000,8.000,.00
00:18.314,0,0,0.000,0.000,8.000,8.000,.00,0,0,0.000,0.000,8.000,8.000,.00,0,0,0.000,0.000,8.000,8.000,.00,0,0,0.000,0.000,8.000,8.000,.00,0,0,0.000,0.000,8.000,8.000,.00,0,0,0.000,0.000,8.000,8.000,.00,0,0,0.000,0.000,8.000,8.000,.00,0,0,0.000,0.000,8.000,8.000,.00
00:18.414,0,0,0.000,0.000,8.000,8.000,.00,0,0,0.000,0.000,8.000,8.000,.00,0,0,0.000,0.000,8.000,8.000,.00,0,0,0.000,0.000,8.000,8.000,.00,0,0,0.000,0.000,8.000,8.000,.00,0,0,0.000,0.000,8.000,8.000,.00,0,0,0.000,0.000,8.000,8.000,.00,0,0,0.000,0.000,8.000,8.000,.00
00:18.514,0,0,0.000,0.000,8.000,8.000,.00,0,0,0.000,0.000,8.000,8.000,.00,0,0,0.000,0.000,8.000,8.000,.00,0,0,0.000,0.000,8.000,8.000,.00,0,0,0.000,0.000,8.000,8.000,.00,0,0,0.000,0.000,8.000,8.000,.00,0,0,0.000,0.000,8.000,8.000,.00,0,0,0.000,0.000,8.000,8.000,.00
00:18.614,0,0,0.000,0.000,8.000,8.000,.00,0,0,0.000,0.000,8.000,8.000,.00,0,0,0.000,0.000,8.000,8.000,.00,0,0,0.000,0.000,8.000,8.000,.00,0,0,0.000,0.000,8.000,8.000,.00,0,0,0.000,0.000,8.000,8.000,.00,0,0,0.000,0.000,8.000,8.000,.00,0,0,0.000,0.000,8.000,8.000,.00
00:18.714,0,0,0.000,0.000,8.000,8.000,.00,0,0,0.000,0.000,8.000,8.000,.00,0,0,0.000,0.000,8.000,8.000,.00,0,0,0.000,0.000,8.000,8.000,.00,0,0,0.000,0.000,8.000,8.000,.00,0,0,0.000,0.000,8.000,8.000,.00,0,0,0.000,0.000,8.000,8.000,.00,0,0,0.000,0.000,8.000,8.000,.00
00:18.814,0,0,0.000,0.000,8.000,8.000,.00,0,0,0.000,0.000,8.000,8.000,.00,0,0,0.000,0.000,8.000,8.000,.00,0,0,0.000,0.000,8.000,8.000,.00,0,0,0.000,0.000,8.000,8.000,.00,0,0,0.000,0.000,8.000,8.000,.00,0,0,0.000,0.000,8.000,8.000,.00,0,0,0.000,0.000,8.000,8.000,.00
00:18.914,0,0,0.000,0.000,8.000,8.000,.00,0,0,0.000,0.000,8.000,8.000,.00,0,0,0.000,0.000,8.000,8.000,.00,0,0,0.000,0.000,8.000,8.000,.00,0,0,0.000,0.000,8.000,8.000,.00,0,0,0.000,0.000,8.000,8.000,.00,0,0,0.000,0.000,8.000,8.000,.00,0,0,0.000,0.000,8.000,8.000,.00
00:19.014,0,0,0.000,0.000,8.000,8.000,.00,0,0,0.000,0.000,8.000,8.000,.00,0,0,0.000,0.000,8.000,8.000,.00,0,0,0.000,0.000,8.000,8.000,.00,0,0,0.000,0.000,8.000,8.000,.00,0,0,0.000,0.000,8.000,8.000,.00,0,0,0.000,0.000,8.000,8.000,.00,0,0,0.000,0.000,8.000,8.000,.00
00:19.114,0,0,0.000,0.000,8.000,8.000,.00,0,0,0.000,0.000,8.000,8.000,.00,0,0,0.000,0.000,8.000,8.000,.00,0,0,0.000,0.000,8.000,8.000,.00,0,0,0.000,0.000,8.000,8.000,.00,0,0,0.000,0.000,8.000,8.000,.00,0,0,0.000,0.000,8.000,8.000,.00,0,0,0.000,0.000,8.000,8.000,.00
00:19.214,0,0,0.000,0.000,8.000,8.000,.00,0,0,0.000,0.000,8.000,8.000,.00,0,0,0.000,0.000,8.000,8.000,.00,0,0,0.000,0.000,8.000,8.000,.00,0,0,0.000,0.000,8.000,8.000,.00,0,0,0.000,0.000,8.000,8.000,.00,0,0,0.000,0.000,8.000,8.000,.00,0,0,0.000,0.000,8.000,8.000,.00
00:19.314,0,0,0.000,0.000,8.000,8.000,.00,0,0,0.000,0.000,8.000,8.000,.00,0,0,0.000,0.000,8.000,8.000,.00,0,0,0.000,0.000,8.000,8.000,.00,0,0,0.000,0.000,8.000,8.000,.00,0,0,0.000,0.000,8.000,8.000,.00,0,0,0.000,0.000,8.000,8.000,.00,0,0,0.000,0.000,8.000,8.000,.00
00:19.414,0,0,0.000,0.000,8.000,8.000,.00,0,0,0.000,0.000,8.000,8.000,.00,0,0,0.000,0.000,8.000,8.000,.00,0,0,0.000,0.000,8.000,8.000,.00,0,0,0.000,0.000,8.000,8.000,.00,0,0,0.000,0.000,8.000,8.000,.00,0,0,0.000,0.000,8.000,8.000,.00,0,0,0.000,0.000,8.000,8.000,.00
00:19.514,0,0,0.000,0.000,8.000,8.000,.00,0,0,0.000,0.000,8.000,8.000,.00,0,0,0.000,0.000,8.000,8.000,.00,0,0,0.000,0.000,8.000,8.000,.00,0,0,0.000,0.000,8.000,8.000,.00,0,0,0.000,0.000,8.000,8.000,.00,0,0,0.000,0.000,8.000,8.000,.00,0,0,0.000,0.000,8.000,8.000,.00
00:19.614,0,0,0.000,0.000,8.000,8.000,.00,0,0,0.000,0.000,8.000,8.000,.00,0,0,0.000,0.000,8.000,8.000,.00,0,0,0.000,0.000,8.000,8.000,.00,0,0,0.000,0.000,8.000,8.000,.00,0,0,0.000,0.000,8.000,8.000,.00,0,0,0.000,0.000,8.000,8.000,.00,0,0,0.000,0.000,8.000,8.000,.00
00:19.714,0,0,0.000,0.000,8.000,8.000,.00,0,0,0.000,0.000,8.000,8.000,.00,0,0,0.000,0.000,8.000,8.000,.00,0,0,0.000,0.000,8.000,8.000,.00,0,0,0.000,0.000,8.000,8.000,.00,0,0,0.000,0.000,8.000,8.000,.00,0,0,0.000,0.000,8.000,8.000,.00,0,0,0.000,0.000,8.000,8.000,.00
00:19.814,0,0,0.000,0.000,8.000,8.000,.00,0,0,0.000,0.000,8.000,8.000,.00,0,0,0.000,0.000,8.000,8.000,.00,0,0,0.000,0.000,8.000,8.000,.00,0,0,0.000,0.000,8.000,8.000,.00,0,0,0.000,0.000,8.000,8.000,.00,0,0,0.000,0.000,8.000,8.000,.00,0,0,0.000,0.000,8.000,8.000,.00
00:19.914,0,0,0.000,0.000,8.000,8.000,.00,0,0,0.000,0.000,8.000,8.000,.00,0,0,0.000,0.000,8.000,8.000,.00,0,0,0.000,0.000,8.000,8.000,.00,0,0,0.000,0.000,8.000,8.000,.00,0,0,0.000,0.000,8.000,8.000,.00,0,0,0.000,0.000,8.000,8.000,.00,0,0,0.000,0.000,8.000,8.000,.00
00:20.014,0,0,0.000,0.000,8.000,8.000,.00,0,0,0.000,0.000,8.000,8.000,.00,0,0,0.000,0.000,8.000,8.000,.00,0,0,0.000,0.000,8.000,8.000,.00,0,0,0.000,0.000,8.000,8.000,.00,0,0,0.000,0.000,8.000,8.000,.00,0,0,0.000,0.000,8.000,8.000,.00,0,0,0.000,0.000,8.000,8.000,.00
00:20.114,0,0,0.000,0.000,8.000,8.000,.00,0,0,0.000,0.000,8.000,8.000,.00,0,0,0.000,0.000,8.000,8.000,.00,0,0,0.000,0.000,8.000,8.000,.00,0,0,0.000,0.000,8.000,8.000,.00,0,0,0.000,0.000,8.000,8.000,.00,0,0,0.000,0.000,8.000,8.000,.00,0,0,0.000,0.000,8.000,8.000,.00
00:20.214,0,0,0.000,0.000,8.000,8.000,.00,0,0,0.000,0.000,8.000,8.000,.00,0,0,0.000,0.000,8.000,8.000,.00,0,0,0.000,0.000,8.000,8.000,.00,0,0,0.000,0.000,8.000,8.000,.00,0,0,0.000,0.000,8.000,8.000,.00,0,0,0.000,0.000,8.000,8.000,.00,0,0,0.000,0.000,8.000,8.000,.00
00:20.314,0,0,0.000,0.000,8.000,8.000,.00,0,0,0.000,0.000,8.000,8.000,.00,0,0,0.000,0.000,8.000,8.000,.00,0,0,0.000,0.000,8.000,8.000,.00,0,0,0.000,0.000,8.000,8.000,.00,0,0,0.000,0.000,8.000,8.000,.00,0,0,0.000,0.000,8.000,8.000,.00,0,0,0.000,0.000,8.000,8.000,.00
00:20.414,0,0,0.000,0.000,8.000,8.000,.00,0,0,0.000,0.000,8.000,8.000,.00,0,0,0.000,0.000,8.000,8.000,.00,0,0,0.000,0.000,8.000,8.000,.00,0,0,0.000,0.000,8.000,8.000,.00,0,0,0.000,0.000,8.000,8.000,.00,0,0,0.000,0.000,8.000,8.000,.00,0,0,0.000,0.000,8.000,8.000,.00
00:20.514,0,0,0.000,0.000,8.000,8.000,.00,0,0,0.000,0.000,8.000,8.000,.00,0,0,0.000,0.000,8.000,8.000,.00,0,0,0.000,0.000,8.000,8.000,.00,0,0,0.000,0.000,8.000,8.000,.00,0,0,0.000,0.000,8.000,8.000,.00,0,0,0.000,0.000,8.000,8.000,.00,0,0,0.000,0.000,8.000,8.000,.00
00:20.614,0,0,0.000,0.000,8.000,8.000,.00,0,0,0.000,0.000,8.000,8.000,.00,0,0,0.000,0.000,8.000,8.000,.00,0,0,0.000,0.000,8.000,8.000,.00,0,0,0.000,0.000,8.000,8.000,.00,0,0,0.000,0.000,8.000,8.000,.00,0,0,0.000,0.000,8.000,8.000,.00,0,0,0.000,0.000,8.000,8.000,.00
00:20.714,0,0,0.000,0.000,8.000,8.000,.00,0,0,0.000,0.000,8.000,8.000,.00,0,0,0.000,0.000,8.000,8.000,.00,0,0,0.000,0.000,8.000,8.000,.00,0,0,0.000,0.000,8.000,8.000,.00,0,0,0.000,0.000,8.000,8.000,.00,0,0,0.000,0.000,8.000,8.000,.00,0,0,0.000,0.000,8.000,8.000,.00
00:20.814,0,0,0.000,0.000,8.000,8.000,.00,0,0,0.000,0.000,8.000,8.000,.00,0,0,0.000,0.000,8.000,8.000,.00,0,0,0.000,0.000,8.000,8.000,.00,0,0,0.000,0.000,8.000,8.000,.00,0,0,0.000,0.000,8.000,8.000,.00,0,0,0.000,0.000,8.000,8.000,.00,0,0,0.000,0.000,8.000,8.000,.00
00:20.914,0,0,0.000,0.000,8.000,8.000,.00,0,0,0.000,0.000,8.000,8.000,.00,0,0,0.000,0.000,8.000,8.000,.00,0,0,0.000,0.000,8.000,8.000,.00,0,0,0.000,0.000,8.000,8.000,.00,0,0,0.000,0.000,8.000,8.000,.00,0,0,0.000,0.000,8.000,8.000,.00,0,0,0.000,0.000,8.000,8.000,.00
00:21.014,0,0,0.000,0.000,8.000,8.000,.00,0,0,0.000,0.000,8.000,8.000,.00,0,0,0.000,0.000,8.000,8.000,.00,0,0,0.000,0.000,8.000,8.000,.00,0,0,0.000,0.000,8.000,8.000,.00,0,0,0.000,0.000,8.000,8.000,.00,0,0,0.000,0.000,8.000,8.000,.00,0,0,0.000,0.000,8.000,8.000,.00
00:21.114,0,0,0.000,0.000,8.000,8.000,.00,0,0,0.000,0.000,8.000,8.000,.00,0,0,0.000,0.000,8.000,8.000,.00,0,0,0.000,0.000,8.000,8.000,.00,0,0,0.000,0.000,8.000,8.000,.00,0,0,0.000,0.000,8.000,8.000,.00,0,0,0.000,0.000,8.000,8.000,.00,0,0,0.000,0.000,8.000,8.000,.00
00:21.214,0,0,0.000,0.000,8.000,8.000,.00,0,0,0.000,0.000,8.000,8.000,.00,0,0,0.000,0.000,8.000,8.000,.00,0,0,0.000,0.000,8.000,8.000,.00,0,0,0.000,0.000,8.000,8.000,.00,0,0,0.000,0.000,8.000,8.000,.00,0,0,0.000,0.000,8.000,8.000,.00,0,0,0.000,0.000,8.000,8.000,.00
00:21.314,0,0,0.000,0.000,8.000,8.000,.00,0,0,0.000,0.000,8.000,8.000,.00,0,0,0.000,0.000,8.000,8.000,.00,0,0,0.000,0.000,8.000,8.000,.00,0,0,0.000,0.000,8.000,8.000,.00,0,0,0.000,0.000,8.000,8.000,.00,0,0,0.000,0.000,8.000,8.000,.00,0,0,0.000,0.000,8.000,8.000,.00
00:21.414,0,0,0.000,0.000,8.000,8.000,.00,0,0,0.000,0.000,8.000,8.000,.00,0,0,0.000,0.000,8.000,8.000,.00,0,0,0.000,0.000,8.000,8.000,.00,0,0,0.000,0.000,8.000,8.000,.00,0,0,0.000,0.000,8.000,8.000,.00,0,0,0.000,0.000,8.000,8.000,.00,0,0,0.000,0.000,8.000,8.000,.00
00:21.514,0,0,0.000,0.000,8.000,8.000,.00,0,0,0.000,0.000,8.000,8.000,.00,0,0,0.000,0.000,8.000,8.000,.00,0,0,0.000,0.000,8.000,8.000,.00,0,0,0.000,0.000,8.000,8.000,.00,0,0,0.000,0.000,8.000,8.000,.00,0,0,0.000,0.000,8.000,8.000,.00,0,0,0.000,0.000,8.000,8.000,.00
00:21.614,0,0,0.000,0.000,8.000,8.000,.00,0,0,0.000,0.000,8.000,8.000,.00,0,0,0.000,0.000,8.000,8.000,.00,0,0,0.000,0.000,8.000,8.000,.00,0,0,0.000,0.000,8.000,8.000,.00,0,0,0.000,0.000,8.000,8.000,.00,0,0,0.000,0.000,8.000,8.000,.00,0,0,0.000,0.000,8.000,8.000,.00
00:21.714,0,0,0.000,0.000,8.000,8.000,.00,0,0,0.000,0.000,8.000,8.000,.00,0,0,0.000,0.000,8.000,8.000,.00,0,0,0.000,0.000,8.000,8.000,.00,0,0,0.000,0.000,8.000,8.000,.00,0,0,0.000,0.000,8.000,8.000,.00,0,0,0.000,0.000,8.000,8.000,.00,0,0,0.000,0.000,8.000,8.000,.00
00:21.814,0,0,0.000,0.000,8.000,8.000,.00,0,0,0.000,0.000,8.000,8.000,.00,0,0,0.000,0.000,8.000,8.000,.00,0,0,0.000,0.000,8.000,8.000,.00,0,0,0.000,0.000,8.000,8.000,.00,0,0,0.000,0.000,8.000,8.000,.00,0,0,0.000,0.000,8.000,8.000,.00,0,0,0.000,0.000,8.000,8.000,.00
00:21.914,0,0,0.000,0.000,8.000,8.000,.00,0,0,0.000,0.000,8.000,8.000,.00,0,0,0.000,0.000,8.000,8.000,.00,0,0,0.000,0.000,8.000,8.000,.00,0,0,0.000,0.000,8.000,8.000,.00,0,0,0.000,0.000,8.000,8.000,.00,0,0,0.000,0.000,8.000,8.000,.00,0,0,0.000,0.000,8.000,8.000,.00
00:22.014,0,0,0.000,0.000,8.000,8.000,.00,0,0,0.000,0.000,8.000,8.000,.00,0,0,0.000,0.000,8.000,8.000,.00,0,0,0.000,0.000,8.000,8.000,.00,0,0,0.000,0.000,8.000,8.000,.00,0,0,0.000,0.000,8.000,8.000,.00,0,0,0.000,0.000,8.000,8.000,.00,0,0,0.000,0.000,8.000,8.000,.00
00:22.114,0,0,0.000,0.000,8.000,8.000,.00,0,0,0.000,0.000,8.000,8.000,.00,0,0,0.000,0.000,8.000,8.000,.00,0,0,0.000,0.000,8.000,8.000,.00,0,0,0.000,0.000,8.000,8.000,.00,0,0,0.000,0.000,8.000,8.000,.00,0,0,0.000,0.000,8.000,8.000,.00,0,0,0.000,0.000,8.000,8.000,.00
00:22.214,0,0,0.000,0.000,8.000,8.000,.00,0,0,0.000,0.000,8.000,8.000,.00,0,0,0.000,0.000,8.000,8.000,.00,0,0,0.000,0.000,8.000,8.000,.00,0,0,0.000,0.000,8.000,8.000,.00,0,0,0.000,0.000,8.000,8.000,.00,0,0,0.000,0.000,8.000,8.000,.00,0,0,0.000,0.000,8.000,8.000,.00
00:22.314,0,0,0.000,0.000,8.000,8.000,.00,0,0,0.000,0.000,8.000,8.000,.00,0,0,0.000,0.000,8.000,8.000,.00,0,0,0.000,0.000,8.000,8.000,.00,0,0,0.000,0.000,8.000,8.000,.00,0,0,0.000,0.000,8.000,8.000,.00,0,0,0.000,0.000,8.000,8.000,.00,0,0,0.000,0.000,8.000,8.000,.00
00:22.414,0,0,0.000,0.000,8.000,8.000,.00,0,0,0.000,0.000,8.000,8.000,.00,0,0,0.000,0.000,8.000,8.000,.00,0,0,0.000,0.000,8.000,8.000,.00,0,0,0.000,0.000,8.000,8.000,.00,0,0,0.000,0.000,8.000,8.000,.00,0,0,0.000,0.000,8.000,8.000,.00,0,0,0.000,0.000,8.000,8.000,.00
00:22.514,0,0,0.000,0.000,8.000,8.000,.00,0,0,0.000,0.000,8.000,8.000,.00,0,0,0.000,0.000,8.000,8.000,.00,0,0,0.000,0.000,8.000,8.000,.00,0,0,0.000,0.000,8.000,8.000,.00,0,0,0.000,0.000,8.000,8.000,.00,0,0,0.000,0.000,8.000,8.000,.00,0,0,0.000,0.000,8.000,8.000,.00
00:22.614,0,0,0.000,0.000,8.000,8.000,.00,0,0,0.000,0.000,8.000,8.000,.00,0,0,0.000,0.000,8.000,8.000,.00,0,0,0.000,0.000,8.000,8.000,.00,0,0,0.000,0.000,8.000,8.000,.00,0,0,0.000,0.000,8.000,8.000,.00,0,0,0.000,0.000,8.000,8.000,.00,0,0,0.000,0.000,8.000,8.000,.00
00:22.714,0,0,0.000,0.000,8.000,8.000,.00,0,0,0.000,0.000,8.000,8.000,.00,0,0,0.000,0.000,8.000,8.000,.00,0,0,0.000,0.000,8.000,8.000,.00,0,0,0.000,0.000,8.000,8.000,.00,0,0,0.000,0.000,8.000,8.000,.00,0,0,0.000,0.000,8.000,8.000,.00,0,0,0.000,0.000,8.000,8.000,.00
00:22.814,0,0,0.000,0.000,8.000,8.000,.00,0,0,0.000,0.000,8.000,8.000,.00,0,0,0.000,0.000,8.000,8.000,.00,0,0,0.000,0.000,8.000,8.000,.00,0,0,0.000,0.000,8.000,8.000,.00,0,0,0.000,0.000,8.000,8.000,.00,0,0,0.000,0.000,8.000,8.000,.00,0,0,0.000,0.000,8.000,8.000,.00
00:22.914,0,0,0.000,0.000,8.000,8.000,.00,0,0,0.000,0.000,8.000,8.000,.00,0,0,0.000,0.000,8.000,8.000,.00,0,0,0.000,0.000,8.000,8.000,.00,0,0,0.000,0.000,8.000,8.000,.00,0,0,0.000,0.000,8.000,8.000,.00,0,0,0.000,0.000,8.000,8.000,.00,0,0,0.000,0.000,8.000,8.000,.00
00:23.014,0,0,0.000,0.000,8.000,8.000,.00,0,0,0.000,0.000,8.000,8.000,.00,0,0,0.000,0.000,8.000,8.000,.00,0,0,0.000,0.000,8.000,8.000,.00,0,0,0.000,0.000,8.000,8.000,.00,0,0,0.000,0.000,8.000,8.000,.00,0,0,0.000,0.000,8.000,8.000,.00,0,0,0.000,0.000,8.000,8.000,.00
00:23.114,0,0,0.000,0.000,8.000,8.000,.00,0,0,0.000,0.000,8.000,8.000,.00,0,0,0.000,0.000,8.000,8.000,.00,0,0,0.000,0.000,8.000,8.000,.00,0,0,0.000,0.000,8.000,8.000,.00,0,0,0.000,0.000,8.000,8.000,.00,0,0,0.000,0.000,8.000,8.000,.00,0,0,0.000,0.000,8.000,8.000,.00
00:23.214,0,0,0.000,0.000,8.000,8.000,.00,0,0,0.000,0.000,8.000,8.000,.00,0,0,0.000,0.000,8.000,8.000,.00,0,0,0.000,0.000,8.000,8.000,.00,0,0,0.000,0.000,8.000,8.000,.00,0,0,0.000,0.000,8.000,8.000,.00,0,0,0.000,0.000,8.000,8.000,.00,0,0,0.000,0.000,8.000,8.000,.00
00:23.314,0,0,0.000,0.000,8.000,8.000,.00,0,0,0.000,0.000,8.000,8.000,.00,0,0,0.000,0.000,8.000,8.000,.00,0,0,0.000,0.000,8.000,8.000,.00,0,0,0.000,0.000,8.000,8.000,.00,0,0,0.000,0.000,8.000,8.000,.00,0,0,0.000,0.000,8.000,8.000,.00,0,0,0.000,0.000,8.000,8.000,.00
00:23.414,0,0,0.000,0.000,8.000,8.000,.00,0,0,0.000,0.000,8.000,8.000,.00,0,0,0.000,0.000,8.000,8.000,.00,0,0,0.000,0.000,8.000,8.000,.00,0,0,0.000,0.000,8.000,8.000,.00,0,0,0.000,0.000,8.000,8.000,.00,0,0,0.000,0.000,8.000,8.000,.00,0,0,0.000,0.000,8.000,8.000,.00
00:23.514,0,0,0.000,0.000,8.000,8.000,.00,0,0,0.000,0.000,8.000,8.000,.00,0,0,0.000,0.000,8.000,8.000,.00,0,0,0.000,0.000,8.000,8.000,.00,0,0,0.000,0.000,8.000,8.000,.00,0,0,0.000,0.000,8.000,8.000,.00,0,0,0.000,0.000,8.000,8.000,.00,0,0,0.000,0.000,8.000,8.000,.00
00:23.614,0,0,0.000,0.000,8.000,8.000,.00,0,0,0.000,0.000,8.000,8.000,.00,0,0,0.000,0.000,8.000,8.000,.00,0,0,0.000,0.000,8.000,8.000,.00,0,0,0.000,0.000,8.000,8.000,.00,0,0,0.000,0.000,8.000,8.000,.00,0,0,0.000,0.000,8.000,8.000,.00,0,0,0.000,0.000,8.000,8.000,.00
00:23.714,0,0,0.000,0.000,8.000,8.000,.00,0,0,0.000,0.000,8.000,8.000,.00,0,0,0.000,0.000,8.000,8.000,.00,0,0,0.000,0.000,8.000,8.000,.00,0,0,0.000,0.000,8.000,8.000,.00,0,0,0.000,0.000,8.000,8.000,.00,0,0,0.000,0.000,8.000,8.000,.00,0,0,0.000,0.000,8.000,8.000,.00
00:23.814,0,0,0.000,0.000,8.000,8.000,.00,0,0,0.000,0.000,8.000,8.000,.00,0,0,0.000,0.000,8.000,8.000,.00,0,0,0.000,0.000,8.000,8.000,.00,0,0,0.000,0.000,8.000,8.000,.00,0,0,0.000,0.000,8.000,8.000,.00,0,0,0.000,0.000,8.000,8.000,.00,0,0,0.000,0.000,8.000,8.000,.00
00:23.914,0,0,0.000,0.000,8.000,8.000,.00,0,0,0.000,0.000,8.000,8.000,.00,0,0,0.000,0.000,8.000,8.000,.00,0,0,0.000,0.000,8.000,8.000,.00,0,0,0.000,0.000,8.000,8.000,.00,0,0,0.000,0.000,8.000,8.000,.00,0,0,0.000,0.000,8.000,8.000,.00,0,0,0.000,0.000,8.000,8.000,.00
00:24.014,0,0,0.000,0.000,8.000,8.000,.00,0,0,0.000,0.000,8.000,8.000,.00,0,0,0.000,0.000,8.000,8.000,.00,0,0,0.000,0.000,8.000,8.000,.00,0,0,0.000,0.000,8.000,8.000,.00,0,0,0.000,0.000,8.000,8.000,.00,0,0,0.000,0.000,8.000,8.000,.00,0,0,0.000,0.000,8.000,8.000,.00
00:24.114,0,0,0.000,0.000,8.000,8.000,.00,0,0,0.000,0.000,8.000,8.000,.00,0,0,0.000,0.000,8.000,8.000,.00,0,0,0.000,0.000,8.000,8.000,.00,0,0,0.000,0.000,8.000,8.000,.00,0,0,0.000,0.000,8.000,8.000,.00,0,0,0.000,0.000,8.000,8.000,.00,0,0,0.000,0.000,8.000,8.000,.00
00:24.214,0,0,0.000,0.000,8.000,8.000,.00,0,0,0.000,0.000,8.000,8.000,.00,0,0,0.000,0.000,8.000,8.000,.00,0,0,0.000,0.000,8.000,8.000,.00,0,0,0.000,0.000,8.000,8.000,.00,0,0,0.000,0.000,8.000,8.000,.00,0,0,0.000,0.000,8.000,8.000,.00,0,0,0.000,0.000,8.000,8.000,.00
00:24.314,0,0,0.000,0.000,8.000,8.000,.00,0,0,0.000,0.000,8.000,8.000,.00,0,0,0.000,0.000,8.000,8.000,.00,0,0,0.000,0.000,8.000,8.000,.00,0,0,0.000,0.000,8.000,8.000,.00,0,0,0.000,0.000,8.000,8.000,.00,0,0,0.000,0.000,8.000,8.000,.00,0,0,0.000,0.000,8.000,8.000,.00
00:24.414,0,0,0.000,0.000,8.000,8.000,.00,0,0,0.000,0.000,8.000,8.000,.00,0,0,0.000,0.000,8.000,8.000,.00,0,0,0.000,0.000,8.000,8.000,.00,0,0,0.000,0.000,8.000,8.000,.00,0,0,0.000,0.000,8.000,8.000,.00,0,0,0.000,0.000,8.000,8.000,.00,0,0,0.000,0.000,8.000,8.000,.00
00:24.514,0,0,0.000,0.000,8.000,8.000,.00,0,0,0.000,0.000,8.000,8.000,.00,0,0,0.000,0.000,8.000,8.000,.00,0,0,0.000,0.000,8.000,8.000,.00,0,0,0.000,0.000,8.000,8.000,.00,0,0,0.000,0.000,8.000,8.000,.00,0,0,0.000,0.000,8.000,8.000,.00,0,0,0.000,0.000,8.000,8.000,.00
00:24.614,0,0,0.000,0.000,8.000,8.000,.00,0,0,0.000,0.000,8.000,8.000,.00,0,0,0.000,0.000,8.000,8.000,.00,0,0,0.000,0.000,8.000,8.000,.00,0,0,0.000,0.000,8.000,8.000,.00,0,0,0.000,0.000,8.000,8.000,.00,0,0,0.000,0.000,8.000,8.000,.00,0,0,0.000,0.000,8.000,8.000,.00
00:24.714,0,0,0.000,0.000,8.000,8.000,.00,0,0,0.000,0.000,8.000,8.000,.00,0,0,0.000,0.000,8.000,8.000,.00,0,0,0.000,0.000,8.000,8.000,.00,0,0,0.000,0.000,8.000,8.000,.00,0,0,0.000,0.000,8.000,8.000,.00,0,0,0.000,0.000,8.000,8.000,.00,0,0,0.000,0.000,8.000,8.000,.00
00:24.814,0,0,0.000,0.000,8.000,8.000,.00,0,0,0.000,0.000,8.000,8.000,.00,0,0,0.000,0.000,8.000,8.000,.00,0,0,0.000,0.000,8.000,8.000,.00,0,0,0.000,0.000,8.000,8.000,.00,0,0,0.000,0.000,8.000,8.000,.00,0,0,0.000,0.000,8.000,8.000,.00,0,0,0.000,0.000,8.000,8.000,.00
00:24.914,0,0,0.000,0.000,8.000,8.000,.00,0,0,0.000,0.000,8.000,8.000,.00,0,0,0.000,0.000,8.000,8.000,.00,0,0,0.000,0.000,8.000,8.000,.00,0,0,0.000,0.000,8.000,8.000,.00,0,0,0.000,0.000,8.000,8.000,.00,0,0,0.000,0.000,8.000,8.000,.00,0,0,0.000,0.000,8.000,8.000,.00
00:25.014,0,0,0.000,0.000,8.000,8.000,.00,0,0,0.000,0.000,8.000,8.000,.00,0,0,0.000,0.000,8.000,8.000,.00,0,0,0.000,0.000,8.000,8.000,.00,0,0,0.000,0.000,8.000,8.000,.00,0,0,0.000,0.000,8.000,8.000,.00,0,0,0.000,0.000,8.000,8.000,.00,0,0,0.000,0.000,8.000,8.000,.00
00:25.114,0,0,0.000,0.000,8.000,8.000,.00,0,0,0.000,0.000,8.000,8.000,.00,0,0,0.000,0.000,8.000,8.000,.00,0,0,0.000,0.000,8.000,8.000,.00,0,0,0.000,0.000,8.000,8.000,.00,0,0,0.000,0.000,8.000,8.000,.00,0,0,0.000,0.000,8.000,8.000,.00,0,0,0.000,0.000,8.000,8.000,.00
00:25.214,0,0,0.000,0.000,8.000,8.000,.00,0,0,0.000,0.000,8.000,8.000,.00,0,0,0.000,0.000,8.000,8.000,.00,0,0,0.000,0.000,8.000,8.000,.00,0,0,0.000,0.000,8.000,8.000,.00,0,0,0.000,0.000,8.000,8.000,.00,0,0,0.000,0.000,8.000,8.000,.00,0,0,0.000,0.000,8.000,8.000,.00
00:25.314,0,0,0.000,0.000,8.000,8.000,.00,0,0,0.000,0.000,8.000,8.000,.00,0,0,0.000,0.000,8.000,8.000,.00,0,0,0.000,0.000,8.000,8.000,.00,0,0,0.000,0.000,8.000,8.000,.00,0,0,0.000,0.000,8.000,8.000,.00,0,0,0.000,0.000,8.000,8.000,.00,0,0,0.000,0.000,8.000,8.000,.00
00:25.414,0,0,0.000,0.000,8.000,8.000,.00,0,0,0.000,0.000,8.000,8.000,.00,0,0,0.000,0.000,8.000,8.000,.00,0,0,0.000,0.000,8.000,8.000,.00,0,0,0.000,0.000,8.000,8.000,.00,0,0,0.000,0.000,8.000,8.000,.00,0,0,0.000,0.000,8.000,8.000,.00,0,0,0.000,0.000,8.000,8.000,.00
00:25.514,0,0,0.000,0.000,8.000,8.000,.00,0,0,0.000,0.000,8.000,8.000,.00,0,0,0.000,0.000,8.000,8.000,.00,0,0,0.000,0.000,8.000,8.000,.00,0,0,0.000,0.000,8.000,8.000,.00,0,0,0.000,0.000,8.000,8.000,.00,0,0,0.000,0.000,8.000,8.000,.00,0,0,0.000,0.000,8.000,8.000,.00
00:25.614,0,0,0.000,0.000,8.000,8.000,.00,0,0,0.000,0.000,8.000,8.000,.00,0,0,0.000,0.000,8.000,8.000,.00,0,0,0.000,0.000,8.000,8.000,.00,0,0,0.000,0.000,8.000,8.000,.00,0,0,0.000,0.000,8.000,8.000,.00,0,0,0.000,0.000,8.000,8.000,.00,0,0,0.000,0.000,8.000,8.000,.00
00:25.714,0,0,0.000,0.000,8.000,8.000,.00,0,0,0.000,0.000,8.000,8.000,.00,0,0,0.000,0.000,8.000,8.000,.00,0,0,0.000,0.000,8.000,8.000,.00,0,0,0.000,0.000,8.000,8.000,.00,0,0,0.000,0.000,8.000,8.000,.00,0,0,0.000,0.000,8.000,8.000,.00,0,0,0.000,0.000,8.000,8.000,.00
00:25.814,0,0,0.000,0.000,8.000,8.000,.00,0,0,0.000,0.000,8.000,8.000,.00,0,0,0.000,0.000,8.000,8.000,.00,0,0,0.000,0.000,8.000,8.000,.00,0,0,0.000,0.000,8.000,8.000,.00,0,0,0.000,0.000,8.000,8.000,.00,0,0,0.000,0.000,8.000,8.000,.00,0,0,0.000,0.000,8.000,8.000,.00
00:25.914,0,0,0.000,0.000,8.000,8.000,.00,0,0,0.000,0.000,8.000,8.000,.00,0,0,0.000,0.000,8.000,8.000,.00,0,0,0.000,0.000,8.000,8.000,.00,0,0,0.000,0.000,8.000,8.000,.00,0,0,0.000,0.000,8.000,8.000,.00,0,0,0.000,0.000,8.000,8.000,.00,0,0,0.000,0.000,8.000,8.000,.00
00:26.014,0,0,0.000,0.000,8.000,8.000,.00,0,0,0.000,0.000,8.000,8.000,.00,0,0,0.000,0.000,8.000,8.000,.00,0,0,0.000,0.000,8.000,8.000,.00,0,0,0.000,0.000,8.000,8.000,.00,0,0,0.000,0.000,8.000,8.000,.00,0,0,0.000,0.000,8.000,8.000,.00,0,0,0.000,0.000,8.000,8.000,.00
00:26.114,0,0,0.000,0.000,8.000,8.000,.00,0,0,0.000,0.000,8.000,8.000,.00,0,0,0.000,0.000,8.000,8.000,.00,0,0,0.000,0.000,8.000,8.000,.00,0,0,0.000,0.000,8.000,8.000,.00,0,0,0.000,0.000,8.000,8.000,.00,0,0,0.000,0.000,8.000,8.000,.00,0,0,0.000,0.000,8.000,8.000,.00
00:26.214,0,0,0.000,0.000,8.000,8.000,.00,0,0,0.000,0.000,8.000,8.000,.00,0,0,0.000,0.000,8.000,8.000,.00,0,0,0.000,0.000,8.000,8.000,.00,0,0,0.000,0.000,8.000,8.000,.00,0,0,0.000,0.000,8.000,8.000,.00,0,0,0.000,0.000,8.000,8.000,.00,0,0,0.000,0.000,8.000,8.000,.00
00:26.314,0,0,0.000,0.000,8.000,8.000,.00,0,0,0.000,0.000,8.000,8.000,.00,0,0,0.000,0.000,8.000,8.000,.00,0,0,0.000,0.000,8.000,8.000,.00,0,0,0.000,0.000,8.000,8.000,.00,0,0,0.000,0.000,8.000,8.000,.00,0,0,0.000,0.000,8.000,8.000,.00,0,0,0.000,0.000,8.000,8.000,.00
00:26.414,0,0,0.000,0.000,8.000,8.000,.00,0,0,0.000,0.000,8.000,8.000,.00,0,0,0.000,0.000,8.000,8.000,.00,0,0,0.000,0.000,8.000,8.000,.00,0,0,0.000,0.000,8.000,8.000,.00,0,0,0.000,0.000,8.000,8.000,.00,0,0,0.000,0.000,8.000,8.000,.00,0,0,0.000,0.000,8.000,8.000,.00
00:26.514,0,0,0.000,0.000,8.000,8.000,.00,0,0,0.000,0.000,8.000,8.000,.00,0,0,0.000,0.000,8.000,8.000,.00,0,0,0.000,0.000,8.000,8.000,.00,0,0,0.000,0.000,8.000,8.000,.00,0,0,0.000,0.000,8.000,8.000,.00,0,0,0.000,0.000,8.000,8.000,.00,0,0,0.000,0.000,8.000,8.000,.00
00:26.614,0,0,0.000,0.000,8.000,8.000,.00,0,0,0.000,0.000,8.000,8.000,.00,0,0,0.000,0.000,8.000,8.000,.00,0,0,0.000,0.000,8.000,8.000,.00,0,0,0.000,0.000,8.000,8.000,.00,0,0,0.000,0.000,8.000,8.000,.00,0,0,0.000,0.000,8.000,8.000,.00,0,0,0.000,0.000,8.000,8.000,.00
00:26.714,0,0,0.000,0.000,8.000,8.000,.00,0,0,0.000,0.000,8.000,8.000,.00,0,0,0.000,0.000,8.000,8.000,.00,0,0,0.000,0.000,8.000,8.000,.00,0,0,0.000,0.000,8.000,8.000,.00,0,0,0.000,0.000,8.000,8.000,.00,0,0,0.000,0.000,8.000,8.000,.00,0,0,0.000,0.000,8.000,8.000,.00
00:26.814,0,0,0.000,0.000,8.000,8.000,.00,0,0,0.000,0.000,8.000,8.000,.00,0,0,0.000,0.000,8.000,8.000,.00,0,0,0.000,0.000,8.000,8.000,.00,0,0,0.000,0.000,8.000,8.000,.00,0,0,0.000,0.000,8.000,8.000,.00,0,0,0.000,0.000,8.000,8.000,.00,0,0,0.000,0.000,8.000,8.000,.00
00:26.914,0,0,0.000,0.000,8.000,8.000,.00,0,0,0.000,0.000,8.000,8.000,.00,0,0,0.000,0.000,8.000,8.000,.00,0,0,0.000,0.000,8.000,8.000,.00,0,0,0.000,0.000,8.000,8.000,.00,0,0,0.000,0.000,8.000,8.000,.00,0,0,0.000,0.000,8.000,8.000,.00,0,0,0.000,0.000,8.000,8.000,.00
00:27.014,0,0,0.000,0.000,8.000,8.000,.00,0,0,0.000,0.000,8.000,8.000,.00,0,0,0.000,0.000,8.000,8.000,.00,0,0,0.000,0.000,8.000,8.000,.00,0,0,0.000,0.000,8.000,8.000,.00,0,0,0.000,0.000,8.000,8.000,.00,0,0,0.000,0.000,8.000,8.000,.00,0,0,0.000,0.000,8.000,8.000,.00
00:27.114,0,0,0.000,0.000,8.000,8.000,.00,0,0,0.000,0.000,8.000,8.000,.00,0,0,0.000,0.000,8.000,8.000,.00,0,0,0.000,0.000,8.000,8.000,.00,0,0,0.000,0.000,8.000,8.000,.00,0,0,0.000,0.000,8.000,8.000,.00,0,0,0.000,0.000,8.000,8.000,.00,0,0,0.000,0.000,8.000,8.000,.00
00:27.214,0,0,0.000,0.000,8.000,8.000,.00,0,0,0.000,0.000,8.000,8.000,.00,0,0,0.000,0.000,8.000,8.000,.00,0,0,0.000,0.000,8.000,8.000,.00,0,0,0.000,0.000,8.000,8.000,.00,0,0,0.000,0.000,8.000,8.000,.00,0,0,0.000,0.000,8.000,8.000,.00,0,0,0.000,0.000,8.000,8.000,.00
00:27.314,0,0,0.000,0.000,8.000,8.000,.00,0,0,0.000,0.000,8.000,8.000,.00,0,0,0.000,0.000,8.000,8.000,.00,0,0,0.000,0.000,8.000,8.000,.00,0,0,0.000,0.000,8.000,8.000,.00,0,0,0.000,0.000,8.000,8.000,.00,0,0,0.000,0.000,8.000,8.000,.00,0,0,0.000,0.000,8.000,8.000,.00
00:27.414,0,0,0.000,0.000,8.000,8.000,.00,0,0,0.000,0.000,8.000,8.000,.00,0,0,0.000,0.000,8.000,8.000,.00,0,0,0.000,0.000,8.000,8.000,.00,0,0,0.000,0.000,8.000,8.000,.00,0,0,0.000,0.000,8.000,8.000,.00,0,0,0.000,0.000,8.000,8.000,.00,0,0,0.000,0.000,8.000,8.000,.00
00:27.514,0,0,0.000,0.000,8.000,8.000,.00,0,0,0.000,0.000,8.000,8.000,.00,0,0,0.000,0.000,8.000,8.000,.00,0,0,0.000,0.000,8.000,8.000,.00,0,0,0.000,0.000,8.000,8.000,.00,0,0,0.000,0.000,8.000,8.000,.00,0,0,0.000,0.000,8.000,8.000,.00,0,0,0.000,0.000,8.000,8.000,.00
00:27.614,0,0,0.000,0.000,8.000,8.000,.00,0,0,0.000,0.000,8.000,8.000,.00,0,0,0.000,0.000,8.000,8.000,.00,0,0,0.000,0.000,8.000,8.000,.00,0,0,0.000,0.000,8.000,8.000,.00,0,0,0.000,0.000,8.000,8.000,.00,0,0,0.000,0.000,8.000,8.000,.00,0,0,0.000,0.000,8.000,8.000,.00
00:27.714,0,0,0.000,0.000,8.000,8.000,.00,0,0,0.000,0.000,8.000,8.000,.00,0,0,0.000,0.000,8.000,8.000,.00,0,0,0.000,0.000,8.000,8.000,.00,0,0,0.000,0.000,8.000,8.000,.00,0,0,0.000,0.000,8.000,8.000,.00,0,0,0.000,0.000,8.000,8.000,.00,0,0,0.000,0.000,8.000,8.000,.00
00:27.814,0,0,0.000,0.000,8.000,8.000,.00,0,0,0.000,0.000,8.000,8.000,.00,0,0,0.000,0.000,8.000,8.000,.00,0,0,0.000,0.000,8.000,8.000,.00,0,0,0.000,0.000,8.000,8.000,.00,0,0,0.000,0.000,8.000,8.000,.00,0,0,0.000,0.000,8.000,8.000,.00,0,0,0.000,0.000,8.000,8.000,.00
00:27.914,0,0,0.000,0.000,8.000,8.000,.00,0,0,0.000,0.000,8.000,8.000,.00,0,0,0.000,0.000,8.000,8.000,.00,0,0,0.000,0.000,8.000,8.000,.00,0,0,0.000,0.000,8.000,8.000,.00,0,0,0.000,0.000,8.000,8.000,.00,0,0,0.000,0.000,8.000,8.000,.00,0,0,0.000,0.000,8.000,8.000,.00
00:28.014,0,0,0.000,0.000,8.000,8.000,.00,0,0,0.000,0.000,8.000,8.000,.00,0,0,0.000,0.000,8.000,8.000,.00,0,0,0.000,0.000,8.000,8.000,.00,0,0,0.000,0.000,8.000,8.000,.00,0,0,0.000,0.000,8.000,8.000,.00,0,0,0.000,0.000,8.000,8.000,.00,0,0,0.000,0.000,8.000,8.000,.00
00:28.114,0,0,0.000,0.000,8.000,8.000,.00,0,0,0.000,0.000,8.000,8.000,.00,0,0,0.000,0.000,8.000,8.000,.00,0,0,0.000,0.000,8.000,8.000,.00,0,0,0.000,0.000,8.000,8.000,.00,0,0,0.000,0.000,8.000,8.000,.00,0,0,0.000,0.000,8.000,8.000,.00,0,0,0.000,0.000,8.000,8.000,.00
